Datum;Uhrzeit;Gesamt (Netzlast)[MWh];Residuallast[MWh];Pumpspeicher[MWh]
15.09.2021;00:00;12.048;9.212;368
15.09.2021;00:15;11.779;9.031;450
15.09.2021;00:30;11.599;8.929;416
15.09.2021;00:45;11.539;8.897;417
15.09.2021;01:00;11.384;8.798;605
15.09.2021;01:15;11.296;8.739;696
15.09.2021;01:30;11.208;8.664;720
15.09.2021;01:45;11.096;8.586;757
15.09.2021;02:00;11.075;8.583;879
15.09.2021;02:15;11.083;8.605;909
15.09.2021;02:30;11.141;8.693;923
15.09.2021;02:45;11.152;8.731;938
15.09.2021;03:00;10.986;8.587;973
15.09.2021;03:15;11.019;8.652;972
15.09.2021;03:30;11.040;8.689;968
15.09.2021;03:45;11.082;8.766;969
15.09.2021;04:00;11.260;9.054;865
15.09.2021;04:15;11.274;9.136;783
15.09.2021;04:30;11.445;9.364;698
15.09.2021;04:45;11.589;9.546;624
15.09.2021;05:00;11.855;9.810;738
15.09.2021;05:15;12.096;10.077;656
15.09.2021;05:30;12.493;10.472;555
15.09.2021;05:45;12.977;10.947;329
15.09.2021;06:00;13.746;11.703;410
15.09.2021;06:15;14.234;12.158;192
15.09.2021;06:30;14.576;12.485;135
15.09.2021;06:45;14.872;12.731;51
15.09.2021;07:00;15.127;12.905;144
15.09.2021;07:15;15.183;12.879;120
15.09.2021;07:30;15.425;13.025;83
15.09.2021;07:45;15.618;13.103;35
15.09.2021;08:00;15.972;13.275;57
15.09.2021;08:15;16.148;13.332;40
15.09.2021;08:30;16.280;13.351;41
15.09.2021;08:45;16.343;13.316;31
15.09.2021;09:00;16.262;13.147;6
15.09.2021;09:15;16.358;13.137;8
15.09.2021;09:30;16.432;13.067;26
15.09.2021;09:45;16.459;13.002;9
15.09.2021;10:00;16.611;13.081;2
15.09.2021;10:15;16.735;13.058;2
15.09.2021;10:30;16.767;12.967;2
15.09.2021;10:45;16.935;13.052;2
15.09.2021;11:00;17.074;13.122;4
15.09.2021;11:15;17.147;13.168;2
15.09.2021;11:30;17.201;13.235;2
15.09.2021;11:45;17.298;13.407;7
15.09.2021;12:00;17.146;13.245;52
15.09.2021;12:15;17.071;13.113;56
15.09.2021;12:30;16.960;12.973;57
15.09.2021;12:45;16.966;12.924;57
15.09.2021;13:00;16.835;12.788;3
15.09.2021;13:15;16.773;12.704;15
15.09.2021;13:30;16.647;12.525;35
15.09.2021;13:45;16.581;12.451;135
15.09.2021;14:00;16.497;12.409;232
15.09.2021;14:15;16.442;12.386;216
15.09.2021;14:30;16.388;12.330;244
15.09.2021;14:45;16.366;12.401;253
15.09.2021;15:00;16.284;12.439;59
15.09.2021;15:15;16.225;12.511;3
15.09.2021;15:30;16.061;12.454;5
15.09.2021;15:45;15.992;12.483;3
15.09.2021;16:00;16.080;12.686;10
15.09.2021;16:15;16.054;12.820;43
15.09.2021;16:30;15.965;12.796;43
15.09.2021;16:45;15.968;12.879;44
15.09.2021;17:00;16.071;13.001;69
15.09.2021;17:15;16.053;13.020;77
15.09.2021;17:30;16.164;13.170;91
15.09.2021;17:45;16.278;13.391;77
15.09.2021;18:00;16.125;13.322;77
15.09.2021;18:15;16.139;13.388;77
15.09.2021;18:30;16.085;13.411;74
15.09.2021;18:45;16.064;13.449;18
15.09.2021;19:00;16.092;13.471;1
15.09.2021;19:15;16.043;13.337;1
15.09.2021;19:30;16.128;13.362;1
15.09.2021;19:45;16.130;13.407;1
15.09.2021;20:00;15.928;13.134;1
15.09.2021;20:15;15.770;12.874;36
15.09.2021;20:30;15.486;12.492;63
15.09.2021;20:45;15.186;12.161;133
15.09.2021;21:00;14.942;11.884;30
15.09.2021;21:15;14.641;11.571;23
15.09.2021;21:30;14.303;11.219;39
15.09.2021;21:45;14.032;10.909;124
15.09.2021;22:00;13.688;10.471;63
15.09.2021;22:15;13.524;10.183;201
15.09.2021;22:30;13.317;9.962;239
15.09.2021;22:45;13.215;9.864;311
15.09.2021;23:00;12.748;9.436;452
15.09.2021;23:15;12.614;9.326;457
15.09.2021;23:30;12.386;9.134;507
15.09.2021;23:45;12.250;9.044;562
16.09.2021;00:00;12.130;9.000;297
16.09.2021;00:15;11.994;8.856;299
16.09.2021;00:30;11.882;8.787;348
16.09.2021;00:45;11.722;8.692;343
16.09.2021;01:00;11.522;8.450;260
16.09.2021;01:15;11.475;8.363;370
16.09.2021;01:30;11.384;8.243;479
16.09.2021;01:45;11.285;8.084;531
16.09.2021;02:00;11.145;7.874;767
16.09.2021;02:15;11.185;7.965;755
16.09.2021;02:30;11.212;8.039;779
16.09.2021;02:45;11.206;8.069;777
16.09.2021;03:00;11.147;7.935;871
16.09.2021;03:15;11.186;7.921;898
16.09.2021;03:30;11.211;7.954;904
16.09.2021;03:45;11.244;7.951;928
16.09.2021;04:00;11.354;8.058;857
16.09.2021;04:15;11.418;8.037;843
16.09.2021;04:30;11.600;8.130;876
16.09.2021;04:45;11.699;8.240;893
16.09.2021;05:00;12.030;8.538;555
16.09.2021;05:15;12.187;8.623;455
16.09.2021;05:30;12.486;8.915;454
16.09.2021;05:45;12.923;9.381;329
16.09.2021;06:00;13.864;10.325;303
16.09.2021;06:15;14.291;10.785;80
16.09.2021;06:30;14.796;11.276;22
16.09.2021;06:45;14.976;11.417;1
16.09.2021;07:00;15.275;11.699;1
16.09.2021;07:15;15.336;11.674;1
16.09.2021;07:30;15.567;11.839;1
16.09.2021;07:45;15.812;11.958;1
16.09.2021;08:00;16.036;12.089;1
16.09.2021;08:15;16.206;12.195;1
16.09.2021;08:30;16.339;12.194;1
16.09.2021;08:45;16.481;12.106;1
16.09.2021;09:00;16.406;11.797;1
16.09.2021;09:15;16.541;11.684;1
16.09.2021;09:30;16.614;11.489;2
16.09.2021;09:45;16.703;11.316;9
16.09.2021;10:00;16.727;11.053;4
16.09.2021;10:15;16.771;10.851;1
16.09.2021;10:30;16.927;10.833;3
16.09.2021;10:45;17.145;10.863;42
16.09.2021;11:00;17.135;10.619;12
16.09.2021;11:15;17.312;10.571;2
16.09.2021;11:30;17.308;10.469;2
16.09.2021;11:45;17.421;10.530;6
16.09.2021;12:00;17.240;10.217;48
16.09.2021;12:15;17.261;10.119;48
16.09.2021;12:30;17.196;10.020;47
16.09.2021;12:45;17.164;9.911;67
16.09.2021;13:00;17.108;9.816;282
16.09.2021;13:15;17.042;9.754;314
16.09.2021;13:30;16.890;9.609;304
16.09.2021;13:45;16.697;9.424;352
16.09.2021;14:00;16.629;9.394;325
16.09.2021;14:15;16.650;9.421;335
16.09.2021;14:30;16.545;9.423;353
16.09.2021;14:45;16.474;9.415;352
16.09.2021;15:00;16.431;9.410;254
16.09.2021;15:15;16.375;9.471;233
16.09.2021;15:30;16.357;9.584;231
16.09.2021;15:45;16.195;9.612;222
16.09.2021;16:00;16.174;9.767;190
16.09.2021;16:15;15.995;9.796;197
16.09.2021;16:30;15.905;9.982;160
16.09.2021;16:45;15.946;10.223;80
16.09.2021;17:00;16.074;10.581;207
16.09.2021;17:15;16.079;10.836;85
16.09.2021;17:30;16.033;11.067;69
16.09.2021;17:45;16.128;11.391;47
16.09.2021;18:00;16.034;11.571;174
16.09.2021;18:15;15.837;11.588;122
16.09.2021;18:30;15.785;11.770;41
16.09.2021;18:45;15.700;11.876;35
16.09.2021;19:00;15.702;12.001;2
16.09.2021;19:15;15.623;11.992;2
16.09.2021;19:30;15.808;12.240;1
16.09.2021;19:45;15.937;12.423;1
16.09.2021;20:00;15.729;12.207;1
16.09.2021;20:15;15.520;12.035;1
16.09.2021;20:30;15.323;11.892;5
16.09.2021;20:45;15.089;11.688;51
16.09.2021;21:00;14.762;11.420;38
16.09.2021;21:15;14.513;11.211;32
16.09.2021;21:30;14.150;10.902;76
16.09.2021;21:45;13.873;10.658;186
16.09.2021;22:00;13.525;10.359;66
16.09.2021;22:15;13.405;10.258;95
16.09.2021;22:30;13.035;9.918;104
16.09.2021;22:45;12.852;9.796;119
16.09.2021;23:00;12.533;9.506;64
16.09.2021;23:15;12.413;9.395;97
16.09.2021;23:30;12.212;9.211;101
16.09.2021;23:45;12.091;9.132;151
17.09.2021;00:00;12.029;9.143;268
17.09.2021;00:15;11.804;8.935;430
17.09.2021;00:30;11.622;8.774;571
17.09.2021;00:45;11.490;8.648;612
17.09.2021;01:00;11.363;8.604;686
17.09.2021;01:15;11.318;8.598;722
17.09.2021;01:30;11.257;8.582;726
17.09.2021;01:45;11.161;8.518;762
17.09.2021;02:00;11.005;8.385;755
17.09.2021;02:15;10.992;8.367;779
17.09.2021;02:30;10.994;8.402;820
17.09.2021;02:45;11.069;8.501;774
17.09.2021;03:00;11.112;8.587;840
17.09.2021;03:15;11.143;8.671;847
17.09.2021;03:30;11.185;8.774;800
17.09.2021;03:45;11.116;8.710;823
17.09.2021;04:00;11.135;8.743;822
17.09.2021;04:15;11.175;8.806;830
17.09.2021;04:30;11.256;8.899;840
17.09.2021;04:45;11.474;9.171;754
17.09.2021;05:00;11.803;9.541;754
17.09.2021;05:15;12.059;9.828;597
17.09.2021;05:30;12.428;10.228;397
17.09.2021;05:45;12.732;10.562;363
17.09.2021;06:00;13.442;11.308;353
17.09.2021;06:15;14.019;11.934;112
17.09.2021;06:30;14.433;12.396;54
17.09.2021;06:45;14.823;12.826;3
17.09.2021;07:00;15.033;13.060;47
17.09.2021;07:15;15.128;13.186;2
17.09.2021;07:30;15.329;13.379;1
17.09.2021;07:45;15.485;13.445;1
17.09.2021;08:00;15.616;13.421;0
17.09.2021;08:15;15.773;13.389;0
17.09.2021;08:30;15.912;13.358;0
17.09.2021;08:45;15.963;13.196;0
17.09.2021;09:00;16.076;13.079;0
17.09.2021;09:15;16.153;12.918;0
17.09.2021;09:30;16.314;12.836;0
17.09.2021;09:45;16.389;12.609;0
17.09.2021;10:00;16.487;12.432;0
17.09.2021;10:15;16.435;12.087;1
17.09.2021;10:30;16.499;11.895;1
17.09.2021;10:45;16.597;11.762;1
17.09.2021;11:00;16.587;11.577;12
17.09.2021;11:15;16.704;11.547;46
17.09.2021;11:30;16.768;11.464;68
17.09.2021;11:45;16.802;11.331;135
17.09.2021;12:00;16.765;11.148;60
17.09.2021;12:15;16.719;11.060;84
17.09.2021;12:30;16.802;11.174;77
17.09.2021;12:45;16.747;11.129;122
17.09.2021;13:00;16.724;11.139;99
17.09.2021;13:15;16.557;11.047;117
17.09.2021;13:30;16.267;10.845;139
17.09.2021;13:45;15.956;10.604;168
17.09.2021;14:00;15.900;10.619;169
17.09.2021;14:15;15.730;10.517;167
17.09.2021;14:30;15.655;10.553;140
17.09.2021;14:45;15.506;10.517;145
17.09.2021;15:00;15.590;10.694;178
17.09.2021;15:15;15.515;10.757;190
17.09.2021;15:30;15.271;10.716;217
17.09.2021;15:45;15.196;10.833;159
17.09.2021;16:00;15.133;10.978;276
17.09.2021;16:15;15.094;11.209;189
17.09.2021;16:30;15.020;11.403;165
17.09.2021;16:45;14.978;11.629;103
17.09.2021;17:00;14.991;11.931;177
17.09.2021;17:15;14.997;12.228;162
17.09.2021;17:30;14.916;12.459;82
17.09.2021;17:45;14.935;12.781;67
17.09.2021;18:00;14.899;13.027;250
17.09.2021;18:15;14.861;13.268;196
17.09.2021;18:30;14.921;13.559;55
17.09.2021;18:45;14.994;13.795;8
17.09.2021;19:00;15.020;13.956;73
17.09.2021;19:15;14.981;13.998;22
17.09.2021;19:30;15.052;14.103;5
17.09.2021;19:45;15.069;14.135;2
17.09.2021;20:00;14.938;13.939;2
17.09.2021;20:15;14.757;13.746;26
17.09.2021;20:30;14.519;13.528;43
17.09.2021;20:45;14.254;13.271;113
17.09.2021;21:00;14.065;13.104;40
17.09.2021;21:15;13.676;12.717;3
17.09.2021;21:30;13.430;12.477;35
17.09.2021;21:45;13.186;12.242;116
17.09.2021;22:00;13.042;12.114;9
17.09.2021;22:15;12.763;11.848;24
17.09.2021;22:30;12.485;11.580;31
17.09.2021;22:45;12.340;11.442;53
17.09.2021;23:00;12.118;11.241;5
17.09.2021;23:15;11.917;11.102;31
17.09.2021;23:30;11.736;10.962;27
17.09.2021;23:45;11.531;10.775;62
18.09.2021;00:00;11.357;10.605;68
18.09.2021;00:15;11.250;10.496;94
18.09.2021;00:30;11.189;10.458;92
18.09.2021;00:45;11.014;10.299;137
18.09.2021;01:00;10.814;10.089;69
18.09.2021;01:15;10.739;10.017;84
18.09.2021;01:30;10.722;9.998;106
18.09.2021;01:45;10.607;9.890;162
18.09.2021;02:00;10.470;9.769;108
18.09.2021;02:15;10.416;9.712;128
18.09.2021;02:30;10.370;9.642;145
18.09.2021;02:45;10.353;9.604;180
18.09.2021;03:00;10.305;9.549;222
18.09.2021;03:15;10.271;9.518;240
18.09.2021;03:30;10.296;9.532;239
18.09.2021;03:45;10.273;9.509;237
18.09.2021;04:00;10.291;9.536;331
18.09.2021;04:15;10.262;9.501;329
18.09.2021;04:30;10.266;9.502;331
18.09.2021;04:45;10.290;9.508;335
18.09.2021;05:00;10.342;9.545;373
18.09.2021;05:15;10.362;9.559;379
18.09.2021;05:30;10.407;9.597;345
18.09.2021;05:45;10.472;9.628;337
18.09.2021;06:00;10.807;9.933;286
18.09.2021;06:15;10.931;10.038;186
18.09.2021;06:30;11.040;10.133;157
18.09.2021;06:45;11.079;10.154;161
18.09.2021;07:00;11.223;10.231;132
18.09.2021;07:15;11.386;10.310;39
18.09.2021;07:30;11.585;10.359;112
18.09.2021;07:45;11.742;10.297;143
18.09.2021;08:00;12.132;10.444;100
18.09.2021;08:15;12.284;10.307;30
18.09.2021;08:30;12.518;10.221;45
18.09.2021;08:45;12.724;10.119;94
18.09.2021;09:00;12.914;9.978;15
18.09.2021;09:15;13.128;9.837;57
18.09.2021;09:30;13.252;9.578;60
18.09.2021;09:45;13.440;9.408;92
18.09.2021;10:00;13.551;9.157;11
18.09.2021;10:15;13.614;8.876;93
18.09.2021;10:30;13.703;8.618;227
18.09.2021;10:45;13.845;8.510;314
18.09.2021;11:00;13.942;8.381;272
18.09.2021;11:15;14.117;8.415;263
18.09.2021;11:30;14.120;8.300;267
18.09.2021;11:45;14.158;8.306;282
18.09.2021;12:00;13.997;8.117;425
18.09.2021;12:15;13.806;7.879;474
18.09.2021;12:30;13.659;7.721;540
18.09.2021;12:45;13.612;7.681;543
18.09.2021;13:00;13.379;7.416;642
18.09.2021;13:15;13.252;7.332;689
18.09.2021;13:30;13.102;7.278;671
18.09.2021;13:45;13.064;7.315;685
18.09.2021;14:00;12.916;7.299;680
18.09.2021;14:15;12.868;7.372;673
18.09.2021;14:30;12.846;7.502;655
18.09.2021;14:45;12.794;7.571;662
18.09.2021;15:00;12.738;7.682;444
18.09.2021;15:15;12.705;7.826;426
18.09.2021;15:30;12.770;8.065;274
18.09.2021;15:45;12.695;8.203;215
18.09.2021;16:00;12.741;8.532;370
18.09.2021;16:15;12.687;8.754;314
18.09.2021;16:30;12.579;8.890;244
18.09.2021;16:45;12.562;9.084;172
18.09.2021;17:00;12.682;9.443;355
18.09.2021;17:15;12.788;9.811;139
18.09.2021;17:30;12.850;10.165;64
18.09.2021;17:45;12.981;10.630;27
18.09.2021;18:00;12.961;10.902;139
18.09.2021;18:15;12.903;11.081;103
18.09.2021;18:30;12.954;11.331;12
18.09.2021;18:45;12.987;11.507;4
18.09.2021;19:00;13.010;11.574;4
18.09.2021;19:15;12.978;11.510;4
18.09.2021;19:30;13.131;11.663;3
18.09.2021;19:45;13.196;11.672;3
18.09.2021;20:00;13.237;11.615;3
18.09.2021;20:15;12.903;11.173;3
18.09.2021;20:30;12.729;10.908;3
18.09.2021;20:45;12.560;10.637;4
18.09.2021;21:00;12.339;10.307;10
18.09.2021;21:15;12.181;10.051;48
18.09.2021;21:30;11.914;9.734;69
18.09.2021;21:45;11.706;9.458;146
18.09.2021;22:00;11.525;9.221;156
18.09.2021;22:15;11.439;9.058;142
18.09.2021;22:30;11.202;8.768;113
18.09.2021;22:45;11.095;8.618;95
18.09.2021;23:00;10.956;8.423;120
18.09.2021;23:15;10.869;8.242;215
18.09.2021;23:30;10.639;7.979;312
18.09.2021;23:45;10.446;7.715;319
19.09.2021;00:00;10.217;7.510;311
19.09.2021;00:15;10.060;7.310;340
19.09.2021;00:30;9.894;7.067;397
19.09.2021;00:45;9.831;6.962;420
19.09.2021;01:00;9.742;6.858;430
19.09.2021;01:15;9.580;6.673;585
19.09.2021;01:30;9.519;6.604;615
19.09.2021;01:45;9.415;6.504;663
19.09.2021;02:00;9.359;6.366;766
19.09.2021;02:15;9.366;6.416;773
19.09.2021;02:30;9.312;6.353;814
19.09.2021;02:45;9.249;6.314;806
19.09.2021;03:00;9.229;6.320;807
19.09.2021;03:15;9.238;6.341;866
19.09.2021;03:30;9.161;6.283;833
19.09.2021;03:45;9.103;6.228;737
19.09.2021;04:00;9.108;6.195;791
19.09.2021;04:15;9.074;6.111;792
19.09.2021;04:30;9.113;6.147;771
19.09.2021;04:45;9.087;6.176;787
19.09.2021;05:00;9.153;6.237;822
19.09.2021;05:15;9.160;6.239;838
19.09.2021;05:30;9.260;6.372;779
19.09.2021;05:45;9.315;6.461;709
19.09.2021;06:00;9.433;6.573;614
19.09.2021;06:15;9.511;6.660;575
19.09.2021;06:30;9.581;6.723;524
19.09.2021;06:45;9.586;6.709;554
19.09.2021;07:00;9.768;6.831;480
19.09.2021;07:15;9.813;6.764;533
19.09.2021;07:30;9.994;6.810;514
19.09.2021;07:45;10.232;6.900;482
19.09.2021;08:00;10.629;7.120;341
19.09.2021;08:15;10.898;7.163;297
19.09.2021;08:30;11.158;7.221;290
19.09.2021;08:45;11.370;7.237;311
19.09.2021;09:00;11.680;7.362;168
19.09.2021;09:15;11.853;7.338;234
19.09.2021;09:30;12.060;7.275;267
19.09.2021;09:45;12.337;7.301;258
19.09.2021;10:00;12.442;7.211;165
19.09.2021;10:15;12.503;7.048;179
19.09.2021;10:30;12.533;6.848;382
19.09.2021;10:45;12.582;6.723;447
19.09.2021;11:00;12.760;6.742;580
19.09.2021;11:15;12.870;6.687;781
19.09.2021;11:30;12.980;6.736;734
19.09.2021;11:45;13.054;6.745;780
19.09.2021;12:00;13.008;6.672;700
19.09.2021;12:15;12.983;6.713;680
19.09.2021;12:30;12.920;6.784;581
19.09.2021;12:45;12.825;6.806;631
19.09.2021;13:00;12.647;6.780;622
19.09.2021;13:15;12.524;6.831;652
19.09.2021;13:30;12.307;6.797;606
19.09.2021;13:45;12.217;6.877;596
19.09.2021;14:00;12.194;6.982;746
19.09.2021;14:15;12.064;6.985;710
19.09.2021;14:30;11.869;6.975;708
19.09.2021;14:45;11.812;7.064;668
19.09.2021;15:00;11.795;7.169;715
19.09.2021;15:15;11.798;7.304;779
19.09.2021;15:30;11.835;7.571;683
19.09.2021;15:45;11.848;7.802;533
19.09.2021;16:00;11.896;8.076;586
19.09.2021;16:15;11.903;8.287;513
19.09.2021;16:30;11.936;8.517;329
19.09.2021;16:45;11.947;8.742;225
19.09.2021;17:00;12.090;9.095;156
19.09.2021;17:15;12.201;9.405;60
19.09.2021;17:30;12.301;9.707;36
19.09.2021;17:45;12.515;10.099;36
19.09.2021;18:00;12.597;10.368;98
19.09.2021;18:15;12.680;10.620;24
19.09.2021;18:30;12.857;10.990;6
19.09.2021;18:45;12.806;11.080;5
19.09.2021;19:00;12.679;11.003;33
19.09.2021;19:15;12.785;11.102;13
19.09.2021;19:30;12.978;11.306;2
19.09.2021;19:45;12.942;11.275;1
19.09.2021;20:00;12.905;11.196;1
19.09.2021;20:15;12.761;11.031;1
19.09.2021;20:30;12.547;10.791;46
19.09.2021;20:45;12.343;10.516;91
19.09.2021;21:00;12.227;10.369;94
19.09.2021;21:15;12.059;10.188;122
19.09.2021;21:30;11.975;10.136;134
19.09.2021;21:45;11.877;10.067;199
19.09.2021;22:00;11.816;10.058;84
19.09.2021;22:15;11.733;10.014;59
19.09.2021;22:30;11.588;9.928;78
19.09.2021;22:45;11.423;9.800;134
19.09.2021;23:00;11.140;9.547;117
19.09.2021;23:15;11.071;9.525;181
19.09.2021;23:30;10.920;9.466;164
19.09.2021;23:45;10.786;9.404;231
20.09.2021;00:00;10.528;9.197;149
20.09.2021;00:15;10.354;9.075;233
20.09.2021;00:30;10.313;9.094;273
20.09.2021;00:45;10.211;9.040;422
20.09.2021;01:00;10.176;9.075;388
20.09.2021;01:15;10.174;9.084;396
20.09.2021;01:30;10.105;9.040;400
20.09.2021;01:45;9.997;8.975;537
20.09.2021;02:00;9.947;8.952;641
20.09.2021;02:15;9.933;8.961;684
20.09.2021;02:30;9.954;8.991;737
20.09.2021;02:45;9.947;9.002;750
20.09.2021;03:00;10.000;9.074;735
20.09.2021;03:15;9.996;9.045;731
20.09.2021;03:30;10.036;9.075;728
20.09.2021;03:45;10.145;9.141;716
20.09.2021;04:00;10.256;9.221;745
20.09.2021;04:15;10.370;9.322;718
20.09.2021;04:30;10.543;9.471;551
20.09.2021;04:45;10.737;9.631;492
20.09.2021;05:00;11.054;9.915;440
20.09.2021;05:15;11.186;10.034;439
20.09.2021;05:30;11.505;10.346;307
20.09.2021;05:45;12.015;10.847;220
20.09.2021;06:00;12.783;11.597;424
20.09.2021;06:15;13.402;12.211;94
20.09.2021;06:30;13.845;12.681;62
20.09.2021;06:45;14.131;12.970;5
20.09.2021;07:00;14.539;13.349;59
20.09.2021;07:15;14.819;13.609;21
20.09.2021;07:30;14.985;13.746;6
20.09.2021;07:45;15.157;13.842;4
20.09.2021;08:00;15.419;14.036;3
20.09.2021;08:15;15.557;14.091;3
20.09.2021;08:30;15.629;14.055;6
20.09.2021;08:45;15.684;13.997;20
20.09.2021;09:00;15.773;13.971;2
20.09.2021;09:15;15.794;13.864;18
20.09.2021;09:30;15.860;13.758;19
20.09.2021;09:45;15.933;13.631;20
20.09.2021;10:00;16.129;13.576;2
20.09.2021;10:15;16.229;13.371;6
20.09.2021;10:30;16.296;13.158;74
20.09.2021;10:45;16.385;12.967;166
20.09.2021;11:00;16.376;12.717;136
20.09.2021;11:15;16.447;12.641;175
20.09.2021;11:30;16.584;12.649;215
20.09.2021;11:45;16.589;12.556;171
20.09.2021;12:00;16.526;12.425;125
20.09.2021;12:15;16.588;12.489;135
20.09.2021;12:30;16.535;12.437;100
20.09.2021;12:45;16.493;12.421;125
20.09.2021;13:00;16.412;12.361;34
20.09.2021;13:15;16.324;12.309;16
20.09.2021;13:30;16.192;12.228;35
20.09.2021;13:45;16.050;12.131;83
20.09.2021;14:00;16.003;12.133;167
20.09.2021;14:15;15.987;12.159;136
20.09.2021;14:30;15.993;12.306;141
20.09.2021;14:45;15.990;12.497;74
20.09.2021;15:00;15.918;12.616;32
20.09.2021;15:15;15.804;12.664;27
20.09.2021;15:30;15.662;12.709;11
20.09.2021;15:45;15.477;12.684;7
20.09.2021;16:00;15.404;12.783;3
20.09.2021;16:15;15.202;12.768;3
20.09.2021;16:30;15.108;12.868;2
20.09.2021;16:45;15.226;13.179;2
20.09.2021;17:00;15.276;13.450;48
20.09.2021;17:15;15.256;13.667;24
20.09.2021;17:30;15.344;13.987;1
20.09.2021;17:45;15.342;14.184;1
20.09.2021;18:00;15.200;14.233;19
20.09.2021;18:15;15.092;14.298;14
20.09.2021;18:30;15.108;14.452;2
20.09.2021;18:45;15.123;14.566;2
20.09.2021;19:00;15.188;14.681;2
20.09.2021;19:15;15.241;14.744;1
20.09.2021;19:30;15.457;14.994;1
20.09.2021;19:45;15.538;15.069;1
20.09.2021;20:00;15.377;14.885;1
20.09.2021;20:15;15.112;14.602;1
20.09.2021;20:30;14.719;14.207;1
20.09.2021;20:45;14.543;14.019;33
20.09.2021;21:00;14.410;13.882;7
20.09.2021;21:15;14.214;13.692;5
20.09.2021;21:30;13.924;13.416;28
20.09.2021;21:45;13.640;13.125;143
20.09.2021;22:00;13.531;13.026;40
20.09.2021;22:15;13.326;12.843;74
20.09.2021;22:30;13.073;12.621;106
20.09.2021;22:45;12.795;12.359;117
20.09.2021;23:00;12.611;12.197;142
20.09.2021;23:15;12.428;12.030;196
20.09.2021;23:30;12.179;11.799;193
20.09.2021;23:45;12.069;11.710;210
21.09.2021;00:00;11.558;11.213;268
21.09.2021;00:15;11.465;11.105;302
21.09.2021;00:30;11.370;11.010;389
21.09.2021;00:45;11.199;10.856;501
21.09.2021;01:00;11.067;10.738;490
21.09.2021;01:15;11.012;10.655;551
21.09.2021;01:30;10.946;10.578;591
21.09.2021;01:45;10.833;10.451;669
21.09.2021;02:00;10.762;10.353;736
21.09.2021;02:15;10.622;10.192;861
21.09.2021;02:30;10.653;10.176;890
21.09.2021;02:45;10.671;10.143;937
21.09.2021;03:00;10.742;10.170;920
21.09.2021;03:15;10.736;10.090;934
21.09.2021;03:30;10.779;10.081;937
21.09.2021;03:45;10.807;10.063;942
21.09.2021;04:00;10.949;10.166;954
21.09.2021;04:15;11.029;10.202;926
21.09.2021;04:30;11.146;10.262;886
21.09.2021;04:45;11.321;10.372;857
21.09.2021;05:00;11.755;10.774;893
21.09.2021;05:15;11.929;10.928;833
21.09.2021;05:30;12.324;11.265;539
21.09.2021;05:45;12.615;11.471;424
21.09.2021;06:00;13.487;12.255;378
21.09.2021;06:15;14.001;12.732;207
21.09.2021;06:30;14.498;13.166;87
21.09.2021;06:45;14.730;13.334;28
21.09.2021;07:00;15.111;13.632;46
21.09.2021;07:15;15.228;13.647;47
21.09.2021;07:30;15.388;13.727;54
21.09.2021;07:45;15.593;13.790;52
21.09.2021;08:00;15.816;13.876;3
21.09.2021;08:15;16.001;13.858;3
21.09.2021;08:30;16.081;13.720;2
21.09.2021;08:45;16.177;13.535;2
21.09.2021;09:00;16.161;13.211;2
21.09.2021;09:15;16.193;12.949;2
21.09.2021;09:30;16.356;12.802;3
21.09.2021;09:45;16.583;12.702;3
21.09.2021;10:00;16.460;12.262;3
21.09.2021;10:15;16.436;11.821;35
21.09.2021;10:30;16.495;11.404;126
21.09.2021;10:45;16.495;10.978;275
21.09.2021;11:00;16.627;10.698;203
21.09.2021;11:15;16.755;10.494;277
21.09.2021;11:30;16.830;10.327;257
21.09.2021;11:45;16.940;10.256;300
21.09.2021;12:00;16.982;10.114;406
21.09.2021;12:15;16.961;9.972;469
21.09.2021;12:30;16.889;9.867;457
21.09.2021;12:45;16.931;9.943;411
21.09.2021;13:00;16.872;9.888;298
21.09.2021;13:15;16.824;9.840;245
21.09.2021;13:30;16.587;9.624;251
21.09.2021;13:45;16.508;9.621;306
21.09.2021;14:00;16.343;9.536;329
21.09.2021;14:15;16.288;9.501;267
21.09.2021;14:30;16.127;9.354;283
21.09.2021;14:45;16.111;9.492;287
21.09.2021;15:00;16.129;9.695;331
21.09.2021;15:15;16.138;9.852;341
21.09.2021;15:30;16.055;10.006;287
21.09.2021;15:45;15.953;10.129;199
21.09.2021;16:00;15.943;10.406;203
21.09.2021;16:15;15.841;10.637;52
21.09.2021;16:30;15.784;10.944;43
21.09.2021;16:45;15.681;11.103;29
21.09.2021;17:00;15.635;11.369;14
21.09.2021;17:15;15.517;11.610;2
21.09.2021;17:30;15.586;11.993;2
21.09.2021;17:45;15.584;12.280;1
21.09.2021;18:00;15.530;12.506;106
21.09.2021;18:15;15.493;12.749;64
21.09.2021;18:30;15.601;13.073;2
21.09.2021;18:45;15.625;13.214;1
21.09.2021;19:00;15.630;13.308;16
21.09.2021;19:15;15.778;13.462;9
21.09.2021;19:30;16.041;13.731;1
21.09.2021;19:45;16.022;13.647;1
21.09.2021;20:00;15.802;13.405;1
21.09.2021;20:15;15.481;13.046;1
21.09.2021;20:30;15.229;12.730;2
21.09.2021;20:45;15.156;12.613;80
21.09.2021;21:00;14.912;12.341;17
21.09.2021;21:15;14.535;11.903;13
21.09.2021;21:30;14.159;11.440;119
21.09.2021;21:45;13.907;11.147;248
21.09.2021;22:00;13.794;10.997;31
21.09.2021;22:15;13.463;10.620;157
21.09.2021;22:30;13.174;10.282;213
21.09.2021;22:45;12.966;10.039;252
21.09.2021;23:00;12.661;9.725;311
21.09.2021;23:15;12.489;9.576;400
21.09.2021;23:30;12.288;9.425;412
21.09.2021;23:45;12.106;9.313;473
22.09.2021;00:00;11.749;8.982;453
22.09.2021;00:15;11.628;8.868;569
22.09.2021;00:30;11.555;8.859;627
22.09.2021;00:45;11.428;8.734;655
22.09.2021;01:00;11.305;8.611;634
22.09.2021;01:15;11.213;8.551;669
22.09.2021;01:30;11.111;8.463;685
22.09.2021;01:45;11.096;8.500;668
22.09.2021;02:00;10.995;8.459;656
22.09.2021;02:15;10.905;8.411;660
22.09.2021;02:30;10.887;8.438;624
22.09.2021;02:45;10.956;8.558;618
22.09.2021;03:00;10.986;8.653;702
22.09.2021;03:15;11.022;8.739;691
22.09.2021;03:30;11.067;8.850;646
22.09.2021;03:45;11.104;8.928;683
22.09.2021;04:00;11.200;9.061;685
22.09.2021;04:15;11.343;9.252;661
22.09.2021;04:30;11.502;9.448;598
22.09.2021;04:45;11.552;9.520;556
22.09.2021;05:00;11.940;9.948;434
22.09.2021;05:15;12.155;10.216;353
22.09.2021;05:30;12.483;10.599;199
22.09.2021;05:45;12.901;11.061;85
22.09.2021;06:00;13.688;11.906;179
22.09.2021;06:15;14.156;12.419;55
22.09.2021;06:30;14.655;12.995;3
22.09.2021;06:45;14.943;13.339;1
22.09.2021;07:00;15.157;13.561;1
22.09.2021;07:15;15.281;13.667;1
22.09.2021;07:30;15.394;13.700;1
22.09.2021;07:45;15.621;13.811;1
22.09.2021;08:00;15.702;13.723;1
22.09.2021;08:15;15.881;13.670;1
22.09.2021;08:30;16.008;13.548;1
22.09.2021;08:45;15.984;13.249;1
22.09.2021;09:00;15.917;12.905;1
22.09.2021;09:15;16.017;12.718;0
22.09.2021;09:30;16.115;12.541;2
22.09.2021;09:45;16.196;12.359;1
22.09.2021;10:00;16.284;12.173;1
22.09.2021;10:15;16.349;11.894;2
22.09.2021;10:30;16.441;11.649;2
22.09.2021;10:45;16.424;11.322;3
22.09.2021;11:00;16.523;11.120;8
22.09.2021;11:15;16.663;10.970;79
22.09.2021;11:30;16.631;10.666;151
22.09.2021;11:45;16.673;10.517;300
22.09.2021;12:00;16.664;10.331;274
22.09.2021;12:15;16.548;10.058;361
22.09.2021;12:30;16.532;9.891;390
22.09.2021;12:45;16.479;9.692;433
22.09.2021;13:00;16.417;9.545;388
22.09.2021;13:15;16.371;9.465;431
22.09.2021;13:30;16.237;9.321;517
22.09.2021;13:45;16.153;9.243;599
22.09.2021;14:00;15.927;8.936;575
22.09.2021;14:15;15.916;8.965;480
22.09.2021;14:30;15.877;9.027;438
22.09.2021;14:45;15.758;8.992;447
22.09.2021;15:00;15.764;9.128;434
22.09.2021;15:15;15.701;9.233;445
22.09.2021;15:30;15.585;9.312;416
22.09.2021;15:45;15.436;9.354;349
22.09.2021;16:00;15.385;9.523;278
22.09.2021;16:15;15.269;9.690;222
22.09.2021;16:30;15.231;9.956;173
22.09.2021;16:45;15.203;10.296;146
22.09.2021;17:00;15.293;10.717;111
22.09.2021;17:15;15.256;11.044;90
22.09.2021;17:30;15.346;11.525;21
22.09.2021;17:45;15.479;12.064;3
22.09.2021;18:00;15.420;12.367;27
22.09.2021;18:15;15.394;12.638;6
22.09.2021;18:30;15.449;12.888;2
22.09.2021;18:45;15.390;12.939;2
22.09.2021;19:00;15.455;12.920;2
22.09.2021;19:15;15.588;12.912;1
22.09.2021;19:30;15.811;13.030;1
22.09.2021;19:45;15.830;12.898;2
22.09.2021;20:00;15.708;12.650;1
22.09.2021;20:15;15.452;12.257;1
22.09.2021;20:30;15.204;12.006;6
22.09.2021;20:45;14.989;11.711;56
22.09.2021;21:00;14.787;11.384;5
22.09.2021;21:15;14.497;10.955;2
22.09.2021;21:30;14.188;10.545;5
22.09.2021;21:45;13.930;10.250;123
22.09.2021;22:00;13.559;9.920;27
22.09.2021;22:15;13.436;9.755;8
22.09.2021;22:30;13.239;9.473;7
22.09.2021;22:45;12.963;9.110;140
22.09.2021;23:00;12.654;8.739;55
22.09.2021;23:15;12.439;8.480;192
22.09.2021;23:30;12.244;8.263;241
22.09.2021;23:45;12.020;8.004;402
23.09.2021;00:00;11.731;7.745;588
23.09.2021;00:15;11.664;7.726;450
23.09.2021;00:30;11.506;7.589;417
23.09.2021;00:45;11.384;7.448;524
23.09.2021;01:00;11.251;7.278;334
23.09.2021;01:15;11.176;7.123;367
23.09.2021;01:30;11.029;6.883;443
23.09.2021;01:45;11.025;6.794;525
23.09.2021;02:00;10.977;6.717;596
23.09.2021;02:15;10.943;6.601;627
23.09.2021;02:30;11.022;6.550;652
23.09.2021;02:45;11.062;6.529;654
23.09.2021;03:00;11.095;6.472;676
23.09.2021;03:15;11.063;6.399;748
23.09.2021;03:30;11.073;6.350;748
23.09.2021;03:45;11.103;6.294;774
23.09.2021;04:00;11.224;6.324;730
23.09.2021;04:15;11.305;6.269;735
23.09.2021;04:30;11.467;6.315;737
23.09.2021;04:45;11.670;6.435;732
23.09.2021;05:00;11.961;6.591;568
23.09.2021;05:15;12.159;6.664;567
23.09.2021;05:30;12.472;6.864;450
23.09.2021;05:45;12.977;7.341;401
23.09.2021;06:00;13.573;7.711;217
23.09.2021;06:15;14.076;8.111;73
23.09.2021;06:30;14.585;8.641;3
23.09.2021;06:45;14.907;9.082;3
23.09.2021;07:00;15.206;9.281;2
23.09.2021;07:15;15.497;9.416;1
23.09.2021;07:30;15.576;9.251;0
23.09.2021;07:45;15.843;9.334;0
23.09.2021;08:00;15.948;9.185;1
23.09.2021;08:15;16.143;9.032;2
23.09.2021;08:30;16.221;8.717;5
23.09.2021;08:45;16.420;8.539;8
23.09.2021;09:00;16.532;8.245;4
23.09.2021;09:15;16.627;7.940;104
23.09.2021;09:30;16.629;7.521;179
23.09.2021;09:45;16.705;7.181;393
23.09.2021;10:00;16.606;6.479;394
23.09.2021;10:15;16.750;6.079;409
23.09.2021;10:30;16.769;5.627;474
23.09.2021;10:45;16.807;5.370;458
23.09.2021;11:00;16.713;4.763;488
23.09.2021;11:15;16.765;4.305;566
23.09.2021;11:30;16.772;3.836;697
23.09.2021;11:45;16.955;3.689;779
23.09.2021;12:00;17.009;3.639;656
23.09.2021;12:15;16.925;3.287;747
23.09.2021;12:30;16.879;3.188;785
23.09.2021;12:45;17.013;3.379;709
23.09.2021;13:00;16.919;3.170;702
23.09.2021;13:15;16.946;3.194;727
23.09.2021;13:30;16.716;3.116;690
23.09.2021;13:45;16.658;3.508;541
23.09.2021;14:00;16.359;2.983;648
23.09.2021;14:15;16.501;3.185;567
23.09.2021;14:30;16.593;3.523;469
23.09.2021;14:45;16.382;3.424;466
23.09.2021;15:00;16.216;3.361;502
23.09.2021;15:15;16.258;3.364;534
23.09.2021;15:30;16.273;3.337;502
23.09.2021;15:45;16.196;3.533;497
23.09.2021;16:00;16.027;3.763;467
23.09.2021;16:15;15.934;4.137;369
23.09.2021;16:30;15.749;4.494;308
23.09.2021;16:45;15.698;4.837;284
23.09.2021;17:00;15.771;5.268;224
23.09.2021;17:15;15.787;5.656;243
23.09.2021;17:30;15.777;6.095;192
23.09.2021;17:45;15.827;6.481;176
23.09.2021;18:00;15.913;6.895;206
23.09.2021;18:15;15.827;7.047;138
23.09.2021;18:30;15.821;7.295;76
23.09.2021;18:45;15.729;7.295;75
23.09.2021;19:00;15.776;7.343;71
23.09.2021;19:15;15.856;7.445;139
23.09.2021;19:30;15.951;7.549;139
23.09.2021;19:45;15.960;7.496;138
23.09.2021;20:00;15.762;7.222;168
23.09.2021;20:15;15.531;6.987;313
23.09.2021;20:30;15.321;6.781;475
23.09.2021;20:45;14.995;6.468;589
23.09.2021;21:00;14.750;6.176;371
23.09.2021;21:15;14.509;5.982;481
23.09.2021;21:30;14.329;5.914;570
23.09.2021;21:45;14.067;5.859;681
23.09.2021;22:00;13.876;5.910;541
23.09.2021;22:15;13.739;5.838;653
23.09.2021;22:30;13.471;5.719;682
23.09.2021;22:45;13.166;5.475;705
23.09.2021;23:00;12.857;5.262;618
23.09.2021;23:15;12.747;5.308;617
23.09.2021;23:30;12.439;5.116;653
23.09.2021;23:45;12.304;5.104;689
24.09.2021;00:00;12.182;5.130;670
24.09.2021;00:15;12.036;5.043;766
24.09.2021;00:30;11.868;4.878;783
24.09.2021;00:45;11.871;5.080;743
24.09.2021;01:00;11.591;4.873;803
24.09.2021;01:15;11.540;4.826;843
24.09.2021;01:30;11.406;4.700;876
24.09.2021;01:45;11.280;4.698;893
24.09.2021;02:00;11.196;4.732;826
24.09.2021;02:15;11.167;4.734;805
24.09.2021;02:30;11.205;4.773;822
24.09.2021;02:45;11.259;4.917;789
24.09.2021;03:00;11.213;4.956;813
24.09.2021;03:15;11.236;5.071;736
24.09.2021;03:30;11.194;5.125;657
24.09.2021;03:45;11.156;5.218;611
24.09.2021;04:00;11.254;5.436;488
24.09.2021;04:15;11.289;5.546;392
24.09.2021;04:30;11.461;5.809;373
24.09.2021;04:45;11.644;6.062;410
24.09.2021;05:00;12.038;6.512;354
24.09.2021;05:15;12.277;6.860;384
24.09.2021;05:30;12.550;7.316;192
24.09.2021;05:45;12.813;7.690;63
24.09.2021;06:00;13.580;8.589;82
24.09.2021;06:15;14.069;9.130;12
24.09.2021;06:30;14.554;9.809;1
24.09.2021;06:45;14.797;10.098;1
24.09.2021;07:00;15.228;10.554;0
24.09.2021;07:15;15.343;10.572;0
24.09.2021;07:30;15.494;10.646;1
24.09.2021;07:45;15.684;10.738;1
24.09.2021;08:00;15.913;10.721;1
24.09.2021;08:15;16.103;10.677;2
24.09.2021;08:30;16.245;10.605;5
24.09.2021;08:45;16.332;10.464;3
24.09.2021;09:00;16.452;10.328;2
24.09.2021;09:15;16.633;10.190;5
24.09.2021;09:30;16.747;9.974;5
24.09.2021;09:45;16.795;9.691;7
24.09.2021;10:00;16.855;9.477;3
24.09.2021;10:15;16.884;9.171;2
24.09.2021;10:30;16.939;9.153;3
24.09.2021;10:45;16.915;8.932;7
24.09.2021;11:00;16.826;8.682;1
24.09.2021;11:15;16.810;8.508;1
24.09.2021;11:30;16.868;8.410;26
24.09.2021;11:45;16.843;8.207;26
24.09.2021;12:00;16.741;7.934;60
24.09.2021;12:15;16.713;7.831;93
24.09.2021;12:30;16.782;7.716;84
24.09.2021;12:45;16.772;7.598;238
24.09.2021;13:00;16.771;7.615;574
24.09.2021;13:15;16.709;7.575;632
24.09.2021;13:30;16.481;7.365;665
24.09.2021;13:45;16.133;7.051;809
24.09.2021;14:00;15.987;7.037;773
24.09.2021;14:15;15.929;6.982;765
24.09.2021;14:30;15.891;6.976;787
24.09.2021;14:45;15.756;6.901;806
24.09.2021;15:00;15.842;7.147;764
24.09.2021;15:15;15.746;7.352;728
24.09.2021;15:30;15.719;7.552;594
24.09.2021;15:45;15.515;7.520;522
24.09.2021;16:00;15.542;7.793;429
24.09.2021;16:15;15.512;8.042;237
24.09.2021;16:30;15.454;8.292;171
24.09.2021;16:45;15.429;8.615;128
24.09.2021;17:00;15.437;8.922;75
24.09.2021;17:15;15.434;9.247;8
24.09.2021;17:30;15.396;9.546;4
24.09.2021;17:45;15.319;9.835;1
24.09.2021;18:00;15.305;10.125;114
24.09.2021;18:15;15.277;10.378;82
24.09.2021;18:30;15.340;10.694;2
24.09.2021;18:45;15.380;10.801;3
24.09.2021;19:00;15.334;10.736;35
24.09.2021;19:15;15.421;10.812;21
24.09.2021;19:30;15.492;10.848;52
24.09.2021;19:45;15.436;10.669;57
24.09.2021;20:00;15.324;10.438;47
24.09.2021;20:15;15.008;10.094;24
24.09.2021;20:30;14.701;9.763;55
24.09.2021;20:45;14.462;9.483;139
24.09.2021;21:00;14.232;9.197;21
24.09.2021;21:15;14.026;8.974;27
24.09.2021;21:30;13.670;8.617;101
24.09.2021;21:45;13.464;8.381;207
24.09.2021;22:00;13.367;8.342;46
24.09.2021;22:15;13.122;7.991;49
24.09.2021;22:30;12.870;7.735;159
24.09.2021;22:45;12.651;7.510;331
24.09.2021;23:00;12.469;7.390;270
24.09.2021;23:15;12.285;7.273;251
24.09.2021;23:30;12.031;7.074;329
24.09.2021;23:45;11.860;6.963;420
25.09.2021;00:00;11.749;6.978;431
25.09.2021;00:15;11.421;6.598;613
25.09.2021;00:30;11.284;6.497;678
25.09.2021;00:45;11.187;6.478;707
25.09.2021;01:00;11.068;6.456;739
25.09.2021;01:15;11.022;6.520;714
25.09.2021;01:30;10.904;6.527;767
25.09.2021;01:45;10.786;6.443;793
25.09.2021;02:00;10.652;6.381;741
25.09.2021;02:15;10.652;6.452;743
25.09.2021;02:30;10.610;6.466;714
25.09.2021;02:45;10.592;6.491;714
25.09.2021;03:00;10.569;6.567;877
25.09.2021;03:15;10.525;6.609;846
25.09.2021;03:30;10.487;6.718;807
25.09.2021;03:45;10.521;6.901;807
25.09.2021;04:00;10.581;7.066;684
25.09.2021;04:15;10.558;7.146;662
25.09.2021;04:30;10.582;7.292;612
25.09.2021;04:45;10.652;7.524;581
25.09.2021;05:00;10.776;7.802;559
25.09.2021;05:15;10.739;7.890;568
25.09.2021;05:30;10.833;8.050;507
25.09.2021;05:45;10.974;8.269;414
25.09.2021;06:00;11.190;8.578;314
25.09.2021;06:15;11.237;8.644;203
25.09.2021;06:30;11.465;8.936;24
25.09.2021;06:45;11.561;9.080;2
25.09.2021;07:00;11.795;9.361;36
25.09.2021;07:15;11.898;9.418;22
25.09.2021;07:30;12.087;9.484;4
25.09.2021;07:45;12.268;9.537;55
25.09.2021;08:00;12.638;9.745;80
25.09.2021;08:15;12.956;9.878;90
25.09.2021;08:30;13.130;9.815;95
25.09.2021;08:45;13.301;9.704;99
25.09.2021;09:00;13.379;9.501;77
25.09.2021;09:15;13.601;9.431;64
25.09.2021;09:30;13.750;9.272;87
25.09.2021;09:45;13.918;9.143;184
25.09.2021;10:00;13.976;8.920;65
25.09.2021;10:15;14.008;8.680;87
25.09.2021;10:30;14.097;8.513;153
25.09.2021;10:45;14.182;8.316;161
25.09.2021;11:00;14.188;8.109;201
25.09.2021;11:15;14.249;8.006;247
25.09.2021;11:30;14.401;7.996;280
25.09.2021;11:45;14.415;7.886;304
25.09.2021;12:00;14.291;7.688;340
25.09.2021;12:15;14.161;7.504;356
25.09.2021;12:30;13.968;7.282;440
25.09.2021;12:45;13.883;7.222;543
25.09.2021;13:00;13.783;7.135;545
25.09.2021;13:15;13.563;6.999;644
25.09.2021;13:30;13.412;6.919;655
25.09.2021;13:45;13.268;6.835;729
25.09.2021;14:00;13.186;6.883;697
25.09.2021;14:15;13.147;6.984;652
25.09.2021;14:30;13.099;7.095;541
25.09.2021;14:45;12.994;7.214;506
25.09.2021;15:00;13.033;7.527;456
25.09.2021;15:15;13.045;7.802;418
25.09.2021;15:30;13.054;8.156;319
25.09.2021;15:45;12.970;8.420;188
25.09.2021;16:00;12.914;8.762;413
25.09.2021;16:15;12.842;9.101;269
25.09.2021;16:30;12.759;9.496;109
25.09.2021;16:45;12.852;10.018;6
25.09.2021;17:00;12.925;10.512;216
25.09.2021;17:15;12.997;11.014;40
25.09.2021;17:30;12.959;11.407;3
25.09.2021;17:45;13.106;11.930;2
25.09.2021;18:00;13.095;12.239;35
25.09.2021;18:15;13.064;12.495;6
25.09.2021;18:30;13.166;12.792;2
25.09.2021;18:45;13.164;12.901;2
25.09.2021;19:00;13.159;12.948;2
25.09.2021;19:15;13.261;13.075;2
25.09.2021;19:30;13.405;13.233;2
25.09.2021;19:45;13.403;13.222;2
25.09.2021;20:00;13.367;13.171;2
25.09.2021;20:15;13.088;12.874;2
25.09.2021;20:30;12.802;12.575;3
25.09.2021;20:45;12.665;12.418;3
25.09.2021;21:00;12.576;12.310;3
25.09.2021;21:15;12.328;12.042;3
25.09.2021;21:30;12.184;11.882;28
25.09.2021;21:45;11.981;11.649;43
25.09.2021;22:00;11.937;11.576;5
25.09.2021;22:15;11.740;11.337;5
25.09.2021;22:30;11.556;11.109;5
25.09.2021;22:45;11.454;10.976;5
25.09.2021;23:00;11.243;10.729;5
25.09.2021;23:15;11.028;10.481;52
25.09.2021;23:30;10.841;10.250;43
25.09.2021;23:45;10.680;10.062;43
26.09.2021;00:00;10.366;9.708;137
26.09.2021;00:15;10.252;9.548;109
26.09.2021;00:30;10.221;9.463;134
26.09.2021;00:45;10.108;9.308;248
26.09.2021;01:00;9.949;9.106;288
26.09.2021;01:15;9.891;8.986;303
26.09.2021;01:30;9.813;8.873;325
26.09.2021;01:45;9.736;8.758;351
26.09.2021;02:00;9.728;8.701;293
26.09.2021;02:15;9.620;8.560;312
26.09.2021;02:30;9.545;8.436;341
26.09.2021;02:45;9.553;8.423;345
26.09.2021;03:00;9.461;8.309;454
26.09.2021;03:15;9.431;8.221;484
26.09.2021;03:30;9.429;8.151;549
26.09.2021;03:45;9.371;8.022;644
26.09.2021;04:00;9.372;7.957;671
26.09.2021;04:15;9.363;7.912;764
26.09.2021;04:30;9.367;7.899;745
26.09.2021;04:45;9.424;7.920;757
26.09.2021;05:00;9.458;7.893;796
26.09.2021;05:15;9.466;7.857;868
26.09.2021;05:30;9.508;7.874;839
26.09.2021;05:45;9.566;7.919;798
26.09.2021;06:00;9.688;7.986;570
26.09.2021;06:15;9.749;7.986;539
26.09.2021;06:30;9.957;8.179;374
26.09.2021;06:45;10.014;8.234;355
26.09.2021;07:00;10.178;8.382;421
26.09.2021;07:15;10.245;8.329;429
26.09.2021;07:30;10.419;8.344;399
26.09.2021;07:45;10.616;8.336;367
26.09.2021;08:00;10.931;8.416;381
26.09.2021;08:15;11.202;8.376;394
26.09.2021;08:30;11.386;8.290;380
26.09.2021;08:45;11.587;8.207;419
26.09.2021;09:00;11.726;8.066;419
26.09.2021;09:15;11.892;7.983;520
26.09.2021;09:30;12.070;7.865;560
26.09.2021;09:45;12.271;7.778;630
26.09.2021;10:00;12.413;7.620;411
26.09.2021;10:15;12.594;7.477;413
26.09.2021;10:30;12.717;7.310;450
26.09.2021;10:45;12.820;7.126;563
26.09.2021;11:00;12.896;6.971;654
26.09.2021;11:15;13.113;7.049;628
26.09.2021;11:30;13.141;6.904;667
26.09.2021;11:45;13.095;6.711;671
26.09.2021;12:00;13.015;6.492;624
26.09.2021;12:15;12.966;6.380;762
26.09.2021;12:30;12.884;6.327;769
26.09.2021;12:45;12.868;6.365;741
26.09.2021;13:00;12.564;6.145;776
26.09.2021;13:15;12.508;6.148;805
26.09.2021;13:30;12.385;6.072;824
26.09.2021;13:45;12.288;6.070;840
26.09.2021;14:00;12.188;6.051;877
26.09.2021;14:15;12.232;6.228;817
26.09.2021;14:30;12.166;6.362;827
26.09.2021;14:45;12.133;6.607;780
26.09.2021;15:00;12.318;7.124;734
26.09.2021;15:15;12.269;7.344;679
26.09.2021;15:30;12.155;7.587;648
26.09.2021;15:45;12.066;7.870;570
26.09.2021;16:00;12.131;8.272;538
26.09.2021;16:15;12.143;8.650;472
26.09.2021;16:30;12.076;8.952;408
26.09.2021;16:45;12.195;9.420;358
26.09.2021;17:00;12.426;9.983;407
26.09.2021;17:15;12.564;10.402;314
26.09.2021;17:30;12.722;10.830;185
26.09.2021;17:45;12.781;11.143;142
26.09.2021;18:00;12.888;11.449;91
26.09.2021;18:15;12.896;11.594;56
26.09.2021;18:30;12.970;11.739;43
26.09.2021;18:45;13.022;11.824;34
26.09.2021;19:00;13.086;11.862;5
26.09.2021;19:15;13.306;12.058;3
26.09.2021;19:30;13.363;12.065;3
26.09.2021;19:45;13.318;11.949;3
26.09.2021;20:00;13.158;11.718;3
26.09.2021;20:15;12.969;11.449;3
26.09.2021;20:30;12.761;11.204;11
26.09.2021;20:45;12.613;11.010;91
26.09.2021;21:00;12.590;10.948;58
26.09.2021;21:15;12.450;10.805;77
26.09.2021;21:30;12.273;10.631;101
26.09.2021;21:45;12.194;10.539;135
26.09.2021;22:00;12.247;10.577;50
26.09.2021;22:15;12.067;10.380;46
26.09.2021;22:30;11.887;10.217;37
26.09.2021;22:45;11.740;10.075;108
26.09.2021;23:00;11.539;9.904;57
26.09.2021;23:15;11.306;9.670;171
26.09.2021;23:30;11.126;9.515;237
26.09.2021;23:45;10.958;9.358;323
27.09.2021;00:00;10.908;9.317;230
27.09.2021;00:15;10.842;9.234;300
27.09.2021;00:30;10.758;9.172;351
27.09.2021;00:45;10.625;9.054;485
27.09.2021;01:00;10.606;9.048;405
27.09.2021;01:15;10.471;8.889;478
27.09.2021;01:30;10.356;8.709;535
27.09.2021;01:45;10.308;8.652;567
27.09.2021;02:00;10.337;8.667;468
27.09.2021;02:15;10.308;8.625;480
27.09.2021;02:30;10.328;8.644;480
27.09.2021;02:45;10.206;8.549;607
27.09.2021;03:00;10.172;8.520;815
27.09.2021;03:15;10.220;8.620;778
27.09.2021;03:30;10.221;8.624;758
27.09.2021;03:45;10.248;8.672;764
27.09.2021;04:00;10.351;8.795;793
27.09.2021;04:15;10.530;9.014;718
27.09.2021;04:30;10.666;9.176;685
27.09.2021;04:45;10.850;9.364;656
27.09.2021;05:00;11.136;9.655;560
27.09.2021;05:15;11.356;9.899;568
27.09.2021;05:30;11.878;10.459;440
27.09.2021;05:45;12.374;10.976;247
27.09.2021;06:00;13.292;11.857;189
27.09.2021;06:15;13.829;12.354;85
27.09.2021;06:30;14.377;12.873;1
27.09.2021;06:45;14.753;13.225;1
27.09.2021;07:00;15.119;13.548;1
27.09.2021;07:15;15.249;13.615;1
27.09.2021;07:30;15.406;13.680;1
27.09.2021;07:45;15.597;13.715;1
27.09.2021;08:00;15.802;13.739;2
27.09.2021;08:15;15.953;13.628;1
27.09.2021;08:30;16.149;13.534;2
27.09.2021;08:45;16.248;13.393;3
27.09.2021;09:00;16.175;13.021;3
27.09.2021;09:15;16.260;12.855;3
27.09.2021;09:30;16.411;12.748;3
27.09.2021;09:45;16.481;12.503;52
27.09.2021;10:00;16.606;12.279;6
27.09.2021;10:15;16.666;11.976;12
27.09.2021;10:30;16.780;11.766;52
27.09.2021;10:45;16.938;11.577;91
27.09.2021;11:00;16.956;11.264;93
27.09.2021;11:15;17.133;11.213;144
27.09.2021;11:30;17.236;11.040;217
27.09.2021;11:45;17.214;10.721;370
27.09.2021;12:00;17.137;10.331;168
27.09.2021;12:15;17.155;10.187;213
27.09.2021;12:30;17.203;10.125;254
27.09.2021;12:45;17.259;10.074;338
27.09.2021;13:00;17.074;9.779;414
27.09.2021;13:15;16.957;9.569;417
27.09.2021;13:30;16.795;9.345;437
27.09.2021;13:45;16.739;9.371;437
27.09.2021;14:00;16.825;9.569;389
27.09.2021;14:15;16.841;9.634;350
27.09.2021;14:30;16.784;9.725;298
27.09.2021;14:45;16.719;9.778;262
27.09.2021;15:00;16.764;10.012;208
27.09.2021;15:15;16.640;10.100;138
27.09.2021;15:30;16.506;10.207;144
27.09.2021;15:45;16.336;10.374;143
27.09.2021;16:00;16.292;10.624;85
27.09.2021;16:15;16.221;10.827;66
27.09.2021;16:30;16.203;11.023;66
27.09.2021;16:45;16.189;11.254;66
27.09.2021;17:00;16.141;11.385;125
27.09.2021;17:15;16.251;11.659;81
27.09.2021;17:30;16.265;11.865;60
27.09.2021;17:45;16.278;11.994;48
27.09.2021;18:00;16.236;12.077;47
27.09.2021;18:15;16.138;12.102;34
27.09.2021;18:30;16.215;12.171;15
27.09.2021;18:45;16.300;12.243;6
27.09.2021;19:00;16.359;12.307;2
27.09.2021;19:15;16.468;12.401;2
27.09.2021;19:30;16.562;12.508;2
27.09.2021;19:45;16.471;12.524;1
27.09.2021;20:00;16.188;12.301;12
27.09.2021;20:15;15.903;12.041;4
27.09.2021;20:30;15.629;11.783;8
27.09.2021;20:45;15.399;11.560;51
27.09.2021;21:00;15.050;11.241;62
27.09.2021;21:15;14.918;11.103;83
27.09.2021;21:30;14.589;10.742;96
27.09.2021;21:45;14.364;10.745;113
27.09.2021;22:00;14.035;10.633;40
27.09.2021;22:15;13.827;10.519;53
27.09.2021;22:30;13.545;10.332;58
27.09.2021;22:45;13.292;10.035;166
27.09.2021;23:00;12.925;9.715;177
27.09.2021;23:15;12.651;9.418;310
27.09.2021;23:30;12.405;9.182;426
27.09.2021;23:45;12.151;8.978;567
28.09.2021;00:00;12.003;8.972;600
28.09.2021;00:15;11.812;8.882;622
28.09.2021;00:30;11.635;8.801;702
28.09.2021;00:45;11.465;8.722;729
28.09.2021;01:00;11.310;8.578;587
28.09.2021;01:15;11.206;8.462;676
28.09.2021;01:30;11.131;8.388;700
28.09.2021;01:45;11.100;8.372;809
28.09.2021;02:00;11.094;8.371;926
28.09.2021;02:15;11.134;8.435;946
28.09.2021;02:30;11.186;8.524;870
28.09.2021;02:45;11.198;8.595;839
28.09.2021;03:00;11.184;8.700;892
28.09.2021;03:15;11.204;8.813;882
28.09.2021;03:30;11.185;8.887;875
28.09.2021;03:45;11.314;9.097;854
28.09.2021;04:00;11.326;9.188;851
28.09.2021;04:15;11.400;9.286;791
28.09.2021;04:30;11.533;9.506;777
28.09.2021;04:45;11.670;9.718;653
28.09.2021;05:00;11.943;10.021;628
28.09.2021;05:15;12.319;10.419;488
28.09.2021;05:30;12.654;10.763;426
28.09.2021;05:45;13.019;11.102;356
28.09.2021;06:00;13.772;11.853;284
28.09.2021;06:15;14.255;12.366;121
28.09.2021;06:30;14.704;12.790;93
28.09.2021;06:45;15.002;13.091;13
28.09.2021;07:00;15.303;13.402;39
28.09.2021;07:15;15.425;13.514;35
28.09.2021;07:30;15.623;13.636;15
28.09.2021;07:45;15.809;13.757;2
28.09.2021;08:00;16.045;13.881;2
28.09.2021;08:15;16.158;13.798;2
28.09.2021;08:30;16.273;13.689;2
28.09.2021;08:45;16.395;13.608;2
28.09.2021;09:00;16.358;13.408;2
28.09.2021;09:15;16.405;13.301;2
28.09.2021;09:30;16.483;13.167;2
28.09.2021;09:45;16.542;13.025;2
28.09.2021;10:00;16.608;12.861;2
28.09.2021;10:15;16.648;12.727;3
28.09.2021;10:30;16.706;12.552;3
28.09.2021;10:45;16.724;12.321;48
28.09.2021;11:00;16.841;12.267;17
28.09.2021;11:15;16.896;12.190;6
28.09.2021;11:30;16.977;12.115;42
28.09.2021;11:45;16.972;11.999;64
28.09.2021;12:00;16.906;11.827;25
28.09.2021;12:15;16.813;11.572;26
28.09.2021;12:30;16.724;11.401;51
28.09.2021;12:45;16.736;11.353;130
28.09.2021;13:00;16.688;11.290;242
28.09.2021;13:15;16.604;11.183;241
28.09.2021;13:30;16.426;10.989;384
28.09.2021;13:45;16.278;10.938;389
28.09.2021;14:00;16.265;11.059;372
28.09.2021;14:15;16.273;11.200;336
28.09.2021;14:30;16.218;11.271;223
28.09.2021;14:45;16.239;11.512;136
28.09.2021;15:00;16.157;11.671;170
28.09.2021;15:15;16.105;11.875;47
28.09.2021;15:30;15.980;11.998;31
28.09.2021;15:45;15.869;12.157;31
28.09.2021;16:00;15.694;12.232;201
28.09.2021;16:15;15.604;12.450;117
28.09.2021;16:30;15.606;12.809;26
28.09.2021;16:45;15.645;13.200;26
28.09.2021;17:00;15.602;13.484;80
28.09.2021;17:15;15.713;13.905;8
28.09.2021;17:30;15.725;14.225;7
28.09.2021;17:45;15.666;14.461;1
28.09.2021;18:00;15.636;14.673;1
28.09.2021;18:15;15.611;14.878;2
28.09.2021;18:30;15.645;15.053;1
28.09.2021;18:45;15.712;15.190;1
28.09.2021;19:00;15.840;15.306;0
28.09.2021;19:15;15.979;15.420;3
28.09.2021;19:30;16.087;15.463;0
28.09.2021;19:45;15.990;15.299;1
28.09.2021;20:00;15.820;15.046;2
28.09.2021;20:15;15.669;14.800;4
28.09.2021;20:30;15.428;14.479;43
28.09.2021;20:45;15.062;14.028;96
28.09.2021;21:00;14.874;13.750;6
28.09.2021;21:15;14.672;13.452;10
28.09.2021;21:30;14.276;12.956;43
28.09.2021;21:45;14.064;12.626;175
28.09.2021;22:00;13.831;12.292;28
28.09.2021;22:15;13.626;11.985;62
28.09.2021;22:30;13.297;11.573;83
28.09.2021;22:45;13.065;11.235;134
28.09.2021;23:00;12.828;10.902;168
28.09.2021;23:15;12.650;10.643;240
28.09.2021;23:30;12.418;10.321;180
28.09.2021;23:45;12.264;10.137;225
29.09.2021;00:00;12.030;9.844;438
29.09.2021;00:15;11.902;9.671;438
29.09.2021;00:30;11.759;9.483;678
29.09.2021;00:45;11.614;9.291;746
29.09.2021;01:00;11.512;9.110;652
29.09.2021;01:15;11.418;8.953;670
29.09.2021;01:30;11.372;8.859;689
29.09.2021;01:45;11.316;8.750;713
29.09.2021;02:00;11.181;8.578;778
29.09.2021;02:15;11.066;8.405;852
29.09.2021;02:30;11.080;8.371;837
29.09.2021;02:45;11.096;8.321;845
29.09.2021;03:00;11.046;8.214;842
29.09.2021;03:15;11.124;8.241;831
29.09.2021;03:30;11.179;8.272;841
29.09.2021;03:45;11.179;8.243;875
29.09.2021;04:00;11.226;8.217;820
29.09.2021;04:15;11.342;8.281;795
29.09.2021;04:30;11.483;8.383;762
29.09.2021;04:45;11.633;8.484;765
29.09.2021;05:00;12.061;8.843;661
29.09.2021;05:15;12.309;9.010;680
29.09.2021;05:30;12.610;9.267;701
29.09.2021;05:45;13.132;9.716;557
29.09.2021;06:00;13.863;10.366;307
29.09.2021;06:15;14.354;10.786;142
29.09.2021;06:30;14.821;11.071;87
29.09.2021;06:45;15.191;11.405;79
29.09.2021;07:00;15.722;11.927;65
29.09.2021;07:15;15.858;11.956;6
29.09.2021;07:30;16.124;12.104;3
29.09.2021;07:45;16.281;12.126;2
29.09.2021;08:00;16.474;12.134;2
29.09.2021;08:15;16.561;12.040;2
29.09.2021;08:30;16.642;11.963;23
29.09.2021;08:45;16.764;11.906;19
29.09.2021;09:00;16.686;11.632;23
29.09.2021;09:15;16.769;11.558;23
29.09.2021;09:30;16.880;11.543;23
29.09.2021;09:45;16.952;11.533;23
29.09.2021;10:00;17.025;11.470;3
29.09.2021;10:15;17.047;11.344;14
29.09.2021;10:30;17.101;11.173;35
29.09.2021;10:45;17.237;11.034;93
29.09.2021;11:00;17.389;10.878;36
29.09.2021;11:15;17.439;10.659;82
29.09.2021;11:30;17.633;10.674;61
29.09.2021;11:45;17.826;10.791;61
29.09.2021;12:00;17.674;10.404;22
29.09.2021;12:15;17.538;10.096;80
29.09.2021;12:30;17.504;9.971;39
29.09.2021;12:45;17.475;9.872;81
29.09.2021;13:00;17.295;9.564;172
29.09.2021;13:15;17.134;9.238;213
29.09.2021;13:30;16.862;8.839;305
29.09.2021;13:45;16.670;8.574;441
29.09.2021;14:00;16.668;8.419;376
29.09.2021;14:15;16.795;8.307;495
29.09.2021;14:30;16.836;8.184;549
29.09.2021;14:45;16.773;8.068;594
29.09.2021;15:00;16.817;8.315;574
29.09.2021;15:15;16.696;8.377;518
29.09.2021;15:30;16.535;8.325;428
29.09.2021;15:45;16.421;8.267;402
29.09.2021;16:00;16.314;8.202;384
29.09.2021;16:15;16.200;8.297;348
29.09.2021;16:30;16.097;8.177;402
29.09.2021;16:45;16.150;8.208;483
29.09.2021;17:00;16.284;8.525;440
29.09.2021;17:15;16.274;8.680;281
29.09.2021;17:30;16.347;8.818;253
29.09.2021;17:45;16.462;9.236;137
29.09.2021;18:00;16.462;9.483;146
29.09.2021;18:15;16.423;9.617;93
29.09.2021;18:30;16.431;9.681;13
29.09.2021;18:45;16.511;9.782;2
29.09.2021;19:00;16.542;9.758;50
29.09.2021;19:15;16.587;9.713;58
29.09.2021;19:30;16.653;9.613;105
29.09.2021;19:45;16.654;9.509;144
29.09.2021;20:00;16.349;9.177;100
29.09.2021;20:15;15.960;8.697;132
29.09.2021;20:30;15.776;8.379;151
29.09.2021;20:45;15.583;8.034;256
29.09.2021;21:00;15.250;7.430;167
29.09.2021;21:15;15.064;7.144;134
29.09.2021;21:30;14.767;6.847;232
29.09.2021;21:45;14.538;6.645;283
29.09.2021;22:00;14.240;6.395;354
29.09.2021;22:15;14.104;6.212;334
29.09.2021;22:30;13.719;5.750;488
29.09.2021;22:45;13.466;5.419;638
29.09.2021;23:00;13.026;4.867;631
29.09.2021;23:15;12.966;4.950;656
29.09.2021;23:30;12.732;4.745;693
29.09.2021;23:45;12.520;4.552;679
30.09.2021;00:00;12.108;3.971;715
30.09.2021;00:15;11.912;3.710;780
30.09.2021;00:30;11.792;3.532;815
30.09.2021;00:45;11.766;3.404;808
30.09.2021;01:00;11.674;3.363;767
30.09.2021;01:15;11.599;3.347;807
30.09.2021;01:30;11.499;3.277;811
30.09.2021;01:45;11.464;3.263;821
30.09.2021;02:00;11.348;3.174;821
30.09.2021;02:15;11.319;3.016;921
30.09.2021;02:30;11.293;2.918;941
30.09.2021;02:45;11.366;2.888;973
30.09.2021;03:00;11.286;2.850;992
30.09.2021;03:15;11.394;3.243;900
30.09.2021;03:30;11.342;3.297;877
30.09.2021;03:45;11.352;3.232;903
30.09.2021;04:00;11.405;3.148;885
30.09.2021;04:15;11.560;3.399;783
30.09.2021;04:30;11.663;3.491;728
30.09.2021;04:45;11.773;3.650;708
30.09.2021;05:00;12.239;4.028;699
30.09.2021;05:15;12.504;4.282;670
30.09.2021;05:30;12.851;4.775;515
30.09.2021;05:45;13.329;5.408;368
30.09.2021;06:00;14.093;6.111;182
30.09.2021;06:15;14.499;6.540;46
30.09.2021;06:30;14.923;7.044;2
30.09.2021;06:45;15.232;7.451;0
30.09.2021;07:00;15.592;7.899;28
30.09.2021;07:15;15.691;8.003;12
30.09.2021;07:30;15.979;8.368;2
30.09.2021;07:45;16.202;8.439;2
30.09.2021;08:00;16.440;8.545;2
30.09.2021;08:15;16.587;8.509;1
30.09.2021;08:30;16.677;8.261;1
30.09.2021;08:45;16.727;7.989;39
30.09.2021;09:00;16.582;7.499;7
30.09.2021;09:15;16.517;7.018;71
30.09.2021;09:30;16.612;6.716;206
30.09.2021;09:45;16.867;6.618;183
30.09.2021;10:00;16.828;6.181;330
30.09.2021;10:15;16.821;5.829;359
30.09.2021;10:30;16.899;5.579;439
30.09.2021;10:45;17.025;5.476;450
30.09.2021;11:00;17.038;5.324;419
30.09.2021;11:15;17.137;5.156;460
30.09.2021;11:30;17.180;4.942;508
30.09.2021;11:45;17.083;4.740;555
30.09.2021;12:00;16.879;4.397;645
30.09.2021;12:15;16.785;4.271;714
30.09.2021;12:30;16.685;4.113;775
30.09.2021;12:45;16.888;4.260;753
30.09.2021;13:00;16.951;4.365;700
30.09.2021;13:15;16.847;4.371;735
30.09.2021;13:30;16.542;4.200;753
30.09.2021;13:45;16.417;4.346;838
30.09.2021;14:00;16.253;4.430;672
30.09.2021;14:15;16.133;4.635;682
30.09.2021;14:30;15.935;4.549;633
30.09.2021;14:45;15.789;4.775;649
30.09.2021;15:00;15.928;5.464;597
30.09.2021;15:15;15.766;5.618;505
30.09.2021;15:30;15.699;5.920;368
30.09.2021;15:45;15.576;6.208;316
30.09.2021;16:00;15.630;6.796;364
30.09.2021;16:15;15.605;7.234;303
30.09.2021;16:30;15.595;7.633;198
30.09.2021;16:45;15.527;8.163;184
30.09.2021;17:00;15.671;8.836;90
30.09.2021;17:15;15.594;9.315;29
30.09.2021;17:30;15.708;10.000;1
30.09.2021;17:45;15.769;10.638;1
30.09.2021;18:00;15.740;10.999;1
30.09.2021;18:15;15.700;11.219;2
30.09.2021;18:30;15.760;11.358;1
30.09.2021;18:45;15.840;11.429;1
30.09.2021;19:00;15.859;11.394;1
30.09.2021;19:15;16.009;11.412;1
30.09.2021;19:30;16.161;11.356;1
30.09.2021;19:45;16.113;11.217;1
30.09.2021;20:00;15.826;10.865;1
30.09.2021;20:15;15.600;10.525;12
30.09.2021;20:30;15.367;10.181;52
30.09.2021;20:45;15.150;9.862;86
30.09.2021;21:00;14.888;9.519;16
30.09.2021;21:15;14.646;9.182;50
30.09.2021;21:30;14.380;8.882;86
30.09.2021;21:45;14.189;8.592;188
30.09.2021;22:00;14.026;8.463;82
30.09.2021;22:15;13.792;8.162;41
30.09.2021;22:30;13.521;7.844;106
30.09.2021;22:45;13.387;7.680;186
30.09.2021;23:00;13.120;7.340;130
30.09.2021;23:15;12.805;6.935;267
30.09.2021;23:30;12.580;6.638;426
30.09.2021;23:45;12.421;6.499;482
01.10.2021;00:00;12.177;6.132;341
01.10.2021;00:15;11.985;5.867;367
01.10.2021;00:30;11.865;5.701;374
01.10.2021;00:45;11.828;5.622;474
01.10.2021;01:00;11.648;5.372;560
01.10.2021;01:15;11.493;5.169;679
01.10.2021;01:30;11.516;5.174;669
01.10.2021;01:45;11.384;4.980;651
01.10.2021;02:00;11.378;4.855;761
01.10.2021;02:15;11.296;4.732;802
01.10.2021;02:30;11.291;4.667;799
01.10.2021;02:45;11.396;4.750;777
01.10.2021;03:00;11.408;4.740;823
01.10.2021;03:15;11.453;4.750;836
01.10.2021;03:30;11.423;4.695;850
01.10.2021;03:45;11.517;4.816;843
01.10.2021;04:00;11.558;4.852;750
01.10.2021;04:15;11.609;4.901;746
01.10.2021;04:30;11.686;4.939;747
01.10.2021;04:45;11.809;5.041;744
01.10.2021;05:00;12.215;5.408;611
01.10.2021;05:15;12.359;5.562;643
01.10.2021;05:30;12.736;5.924;531
01.10.2021;05:45;13.205;6.368;453
01.10.2021;06:00;14.009;7.018;214
01.10.2021;06:15;14.443;7.434;117
01.10.2021;06:30;14.971;7.999;55
01.10.2021;06:45;15.313;8.363;3
01.10.2021;07:00;15.606;8.636;89
01.10.2021;07:15;15.737;8.743;97
01.10.2021;07:30;15.963;8.956;71
01.10.2021;07:45;16.135;8.804;99
01.10.2021;08:00;16.456;8.925;52
01.10.2021;08:15;16.631;8.869;52
01.10.2021;08:30;16.675;8.678;53
01.10.2021;08:45;16.693;8.436;50
01.10.2021;09:00;16.590;8.072;72
01.10.2021;09:15;16.573;7.715;72
01.10.2021;09:30;16.563;7.387;99
01.10.2021;09:45;16.607;7.086;155
01.10.2021;10:00;16.737;6.822;236
01.10.2021;10:15;16.823;6.527;283
01.10.2021;10:30;16.893;6.243;353
01.10.2021;10:45;16.895;5.891;487
01.10.2021;11:00;16.891;5.562;476
01.10.2021;11:15;16.924;5.274;449
01.10.2021;11:30;16.871;4.970;525
01.10.2021;11:45;16.760;4.605;600
01.10.2021;12:00;16.621;4.205;723
01.10.2021;12:15;16.624;4.184;665
01.10.2021;12:30;16.597;4.071;661
01.10.2021;12:45;16.512;3.870;725
01.10.2021;13:00;16.370;3.532;811
01.10.2021;13:15;16.302;3.543;764
01.10.2021;13:30;16.185;3.538;768
01.10.2021;13:45;16.052;3.569;771
01.10.2021;14:00;15.880;3.390;747
01.10.2021;14:15;15.836;3.440;699
01.10.2021;14:30;15.872;3.609;629
01.10.2021;14:45;15.911;3.993;572
01.10.2021;15:00;15.930;4.501;490
01.10.2021;15:15;15.807;4.851;400
01.10.2021;15:30;15.787;5.366;242
01.10.2021;15:45;15.519;5.697;204
01.10.2021;16:00;15.538;6.244;273
01.10.2021;16:15;15.554;6.794;215
01.10.2021;16:30;15.467;7.321;84
01.10.2021;16:45;15.433;7.969;22
01.10.2021;17:00;15.584;8.646;36
01.10.2021;17:15;15.623;9.239;2
01.10.2021;17:30;15.520;9.656;1
01.10.2021;17:45;15.481;10.015;1
01.10.2021;18:00;15.411;10.237;1
01.10.2021;18:15;15.289;10.282;1
01.10.2021;18:30;15.341;10.334;2
01.10.2021;18:45;15.427;10.311;3
01.10.2021;19:00;15.696;10.404;2
01.10.2021;19:15;15.785;10.295;2
01.10.2021;19:30;15.799;10.152;2
01.10.2021;19:45;15.626;9.883;2
01.10.2021;20:00;15.351;9.515;2
01.10.2021;20:15;15.074;9.100;3
01.10.2021;20:30;14.814;8.770;6
01.10.2021;20:45;14.613;8.475;117
01.10.2021;21:00;14.318;8.162;75
01.10.2021;21:15;14.141;8.135;66
01.10.2021;21:30;13.823;7.876;133
01.10.2021;21:45;13.723;7.806;330
01.10.2021;22:00;13.567;7.881;23
01.10.2021;22:15;13.382;7.787;18
01.10.2021;22:30;12.996;7.456;166
01.10.2021;22:45;12.760;7.236;213
01.10.2021;23:00;12.502;7.097;117
01.10.2021;23:15;12.287;6.989;163
01.10.2021;23:30;12.104;6.899;191
01.10.2021;23:45;11.916;6.781;268
02.10.2021;00:00;11.735;6.712;284
02.10.2021;00:15;11.563;6.624;328
02.10.2021;00:30;11.406;6.559;343
02.10.2021;00:45;11.259;6.499;399
02.10.2021;01:00;11.066;6.442;431
02.10.2021;01:15;10.887;6.379;453
02.10.2021;01:30;10.780;6.400;479
02.10.2021;01:45;10.715;6.491;508
02.10.2021;02:00;10.736;6.680;639
02.10.2021;02:15;10.630;6.740;588
02.10.2021;02:30;10.649;6.938;539
02.10.2021;02:45;10.622;7.063;570
02.10.2021;03:00;10.637;7.215;574
02.10.2021;03:15;10.624;7.378;574
02.10.2021;03:30;10.577;7.442;518
02.10.2021;03:45;10.599;7.574;523
02.10.2021;04:00;10.595;7.686;408
02.10.2021;04:15;10.545;7.694;365
02.10.2021;04:30;10.550;7.782;365
02.10.2021;04:45;10.632;7.910;332
02.10.2021;05:00;10.748;8.084;375
02.10.2021;05:15;10.671;8.064;393
02.10.2021;05:30;10.745;8.151;413
02.10.2021;05:45;10.881;8.329;303
02.10.2021;06:00;11.142;8.614;241
02.10.2021;06:15;11.251;8.722;178
02.10.2021;06:30;11.423;8.908;149
02.10.2021;06:45;11.649;9.168;117
02.10.2021;07:00;11.866;9.433;195
02.10.2021;07:15;11.954;9.523;168
02.10.2021;07:30;12.071;9.541;106
02.10.2021;07:45;12.311;9.602;79
02.10.2021;08:00;12.636;9.745;64
02.10.2021;08:15;12.886;9.833;27
02.10.2021;08:30;13.131;9.864;20
02.10.2021;08:45;13.323;9.742;8
02.10.2021;09:00;13.476;9.742;1
02.10.2021;09:15;13.589;9.662;1
02.10.2021;09:30;13.689;9.494;1
02.10.2021;09:45;13.780;9.290;2
02.10.2021;10:00;13.871;9.040;2
02.10.2021;10:15;13.901;8.663;12
02.10.2021;10:30;13.978;8.306;53
02.10.2021;10:45;14.143;7.985;204
02.10.2021;11:00;14.132;7.611;103
02.10.2021;11:15;14.261;7.287;156
02.10.2021;11:30;14.306;6.975;198
02.10.2021;11:45;14.319;6.734;255
02.10.2021;12:00;14.159;6.223;194
02.10.2021;12:15;13.977;5.826;210
02.10.2021;12:30;13.881;5.535;340
02.10.2021;12:45;13.792;5.346;413
02.10.2021;13:00;13.627;4.985;501
02.10.2021;13:15;13.459;4.702;593
02.10.2021;13:30;13.421;4.536;588
02.10.2021;13:45;13.346;4.537;624
02.10.2021;14:00;13.350;4.715;482
02.10.2021;14:15;13.194;4.754;507
02.10.2021;14:30;13.097;4.861;536
02.10.2021;14:45;12.970;4.963;540
02.10.2021;15:00;12.739;4.894;725
02.10.2021;15:15;12.703;5.020;750
02.10.2021;15:30;12.747;5.382;669
02.10.2021;15:45;12.808;5.677;543
02.10.2021;16:00;12.903;6.234;531
02.10.2021;16:15;12.804;6.303;490
02.10.2021;16:30;12.833;6.667;368
02.10.2021;16:45;12.855;7.018;235
02.10.2021;17:00;13.155;7.599;171
02.10.2021;17:15;13.195;7.890;122
02.10.2021;17:30;13.285;8.115;38
02.10.2021;17:45;13.334;8.151;8
02.10.2021;18:00;13.385;8.223;60
02.10.2021;18:15;13.421;8.123;56
02.10.2021;18:30;13.588;8.048;81
02.10.2021;18:45;13.915;8.153;62
02.10.2021;19:00;13.920;7.494;19
02.10.2021;19:15;13.874;6.765;32
02.10.2021;19:30;14.050;6.777;30
02.10.2021;19:45;13.957;6.750;60
02.10.2021;20:00;13.654;5.787;84
02.10.2021;20:15;13.385;5.289;178
02.10.2021;20:30;13.382;5.333;167
02.10.2021;20:45;13.128;5.018;149
02.10.2021;21:00;12.861;4.535;327
02.10.2021;21:15;12.632;4.122;369
02.10.2021;21:30;12.514;4.161;322
02.10.2021;21:45;12.433;4.193;334
02.10.2021;22:00;12.135;3.781;226
02.10.2021;22:15;12.116;3.701;252
02.10.2021;22:30;11.964;3.554;291
02.10.2021;22:45;11.745;3.390;465
02.10.2021;23:00;11.596;3.174;399
02.10.2021;23:15;11.451;2.999;428
02.10.2021;23:30;11.137;2.609;599
02.10.2021;23:45;11.017;2.577;651
03.10.2021;00:00;10.798;2.034;788
03.10.2021;00:15;10.898;2.552;647
03.10.2021;00:30;10.644;2.227;790
03.10.2021;00:45;10.461;2.104;819
03.10.2021;01:00;10.347;2.003;677
03.10.2021;01:15;10.205;1.777;814
03.10.2021;01:30;10.161;1.943;733
03.10.2021;01:45;10.090;2.133;699
03.10.2021;02:00;10.074;2.195;622
03.10.2021;02:15;9.904;1.977;686
03.10.2021;02:30;9.875;1.988;764
03.10.2021;02:45;9.864;2.116;816
03.10.2021;03:00;9.744;1.989;792
03.10.2021;03:15;9.761;1.975;773
03.10.2021;03:30;9.770;1.907;772
03.10.2021;03:45;9.842;2.006;768
03.10.2021;04:00;9.766;1.664;806
03.10.2021;04:15;9.809;1.751;790
03.10.2021;04:30;9.773;1.810;803
03.10.2021;04:45;9.820;1.913;771
03.10.2021;05:00;9.747;1.755;771
03.10.2021;05:15;9.721;1.636;801
03.10.2021;05:30;9.770;1.662;730
03.10.2021;05:45;9.871;1.755;704
03.10.2021;06:00;10.188;1.670;773
03.10.2021;06:15;10.177;1.565;766
03.10.2021;06:30;10.313;1.678;644
03.10.2021;06:45;10.396;1.724;669
03.10.2021;07:00;10.699;2.339;600
03.10.2021;07:15;10.709;2.319;646
03.10.2021;07:30;10.810;2.350;692
03.10.2021;07:45;11.027;2.373;581
03.10.2021;08:00;11.308;2.077;648
03.10.2021;08:15;11.688;2.192;690
03.10.2021;08:30;12.045;2.484;542
03.10.2021;08:45;12.275;2.457;535
03.10.2021;09:00;12.565;2.424;596
03.10.2021;09:15;12.852;2.440;606
03.10.2021;09:30;12.981;2.483;602
03.10.2021;09:45;13.134;2.481;579
03.10.2021;10:00;13.384;2.722;532
03.10.2021;10:15;13.499;2.884;529
03.10.2021;10:30;13.503;2.833;521
03.10.2021;10:45;13.501;2.687;511
03.10.2021;11:00;13.764;2.956;469
03.10.2021;11:15;13.882;3.096;431
03.10.2021;11:30;13.989;3.180;399
03.10.2021;11:45;13.968;3.157;395
03.10.2021;12:00;13.986;3.153;434
03.10.2021;12:15;13.861;2.973;474
03.10.2021;12:30;13.877;3.006;519
03.10.2021;12:45;13.791;3.058;574
03.10.2021;13:00;13.672;3.095;740
03.10.2021;13:15;13.413;2.820;809
03.10.2021;13:30;13.308;2.810;846
03.10.2021;13:45;13.084;2.566;952
03.10.2021;14:00;13.055;2.573;901
03.10.2021;14:15;13.105;2.800;903
03.10.2021;14:30;13.127;3.055;739
03.10.2021;14:45;13.037;3.164;681
03.10.2021;15:00;12.864;3.218;536
03.10.2021;15:15;12.625;3.106;564
03.10.2021;15:30;12.683;3.355;482
03.10.2021;15:45;12.563;3.640;393
03.10.2021;16:00;12.415;3.540;506
03.10.2021;16:15;12.399;3.543;539
03.10.2021;16:30;12.391;3.663;404
03.10.2021;16:45;12.411;3.996;470
03.10.2021;17:00;12.652;4.406;526
03.10.2021;17:15;12.870;4.918;439
03.10.2021;17:30;12.969;5.321;284
03.10.2021;17:45;12.956;5.502;99
03.10.2021;18:00;13.203;5.594;158
03.10.2021;18:15;13.263;5.704;118
03.10.2021;18:30;13.491;6.106;86
03.10.2021;18:45;13.572;6.190;65
03.10.2021;19:00;13.928;6.529;53
03.10.2021;19:15;13.941;6.660;49
03.10.2021;19:30;13.787;6.446;47
03.10.2021;19:45;13.593;6.443;47
03.10.2021;20:00;13.387;6.470;93
03.10.2021;20:15;13.114;6.252;131
03.10.2021;20:30;12.895;6.102;196
03.10.2021;20:45;12.793;6.236;176
03.10.2021;21:00;12.621;6.162;236
03.10.2021;21:15;12.383;5.938;249
03.10.2021;21:30;12.290;5.886;189
03.10.2021;21:45;12.255;5.940;187
03.10.2021;22:00;12.258;5.882;49
03.10.2021;22:15;12.132;5.825;47
03.10.2021;22:30;12.015;5.912;47
03.10.2021;22:45;11.772;5.849;103
03.10.2021;23:00;11.568;5.635;225
03.10.2021;23:15;11.490;5.482;241
03.10.2021;23:30;11.426;5.501;281
03.10.2021;23:45;11.177;5.381;337
04.10.2021;00:00;10.951;5.274;335
04.10.2021;00:15;10.856;5.312;291
04.10.2021;00:30;10.652;5.288;394
04.10.2021;00:45;10.470;5.313;436
04.10.2021;01:00;10.331;5.288;655
04.10.2021;01:15;10.240;5.307;575
04.10.2021;01:30;10.240;5.468;519
04.10.2021;01:45;10.191;5.543;562
04.10.2021;02:00;10.097;5.545;539
04.10.2021;02:15;10.115;5.680;520
04.10.2021;02:30;10.183;5.846;462
04.10.2021;02:45;10.251;6.053;453
04.10.2021;03:00;10.189;6.083;600
04.10.2021;03:15;10.180;6.171;648
04.10.2021;03:30;10.296;6.357;780
04.10.2021;03:45;10.365;6.410;878
04.10.2021;04:00;10.516;6.593;755
04.10.2021;04:15;10.563;6.747;745
04.10.2021;04:30;10.727;7.003;674
04.10.2021;04:45;10.919;7.214;572
04.10.2021;05:00;11.302;7.782;318
04.10.2021;05:15;11.581;8.024;311
04.10.2021;05:30;11.885;8.349;259
04.10.2021;05:45;12.414;8.892;212
04.10.2021;06:00;13.258;9.795;252
04.10.2021;06:15;13.929;10.388;145
04.10.2021;06:30;14.489;10.987;6
04.10.2021;06:45;14.825;11.413;2
04.10.2021;07:00;15.180;11.804;1
04.10.2021;07:15;15.420;12.038;2
04.10.2021;07:30;15.589;12.209;2
04.10.2021;07:45;15.618;12.151;2
04.10.2021;08:00;15.878;12.267;3
04.10.2021;08:15;16.070;12.362;3
04.10.2021;08:30;16.201;12.382;3
04.10.2021;08:45;16.367;12.394;3
04.10.2021;09:00;16.353;12.173;21
04.10.2021;09:15;16.469;12.186;53
04.10.2021;09:30;16.704;12.307;15
04.10.2021;09:45;16.878;12.421;2
04.10.2021;10:00;17.026;12.509;2
04.10.2021;10:15;17.062;12.509;2
04.10.2021;10:30;17.092;12.518;1
04.10.2021;10:45;17.229;12.667;2
04.10.2021;11:00;17.205;12.635;2
04.10.2021;11:15;17.193;12.602;1
04.10.2021;11:30;17.166;12.560;1
04.10.2021;11:45;17.113;12.427;1
04.10.2021;12:00;17.027;12.205;1
04.10.2021;12:15;16.935;12.044;1
04.10.2021;12:30;16.922;11.874;2
04.10.2021;12:45;16.942;11.694;20
04.10.2021;13:00;16.851;11.517;111
04.10.2021;13:15;16.772;11.231;198
04.10.2021;13:30;16.599;10.888;390
04.10.2021;13:45;16.423;10.566;586
04.10.2021;14:00;16.368;10.426;418
04.10.2021;14:15;16.306;10.322;435
04.10.2021;14:30;16.210;10.353;432
04.10.2021;14:45;16.206;10.400;329
04.10.2021;15:00;16.216;10.421;172
04.10.2021;15:15;16.127;10.402;119
04.10.2021;15:30;16.005;10.359;94
04.10.2021;15:45;15.899;10.381;57
04.10.2021;16:00;15.766;10.530;73
04.10.2021;16:15;15.667;10.776;28
04.10.2021;16:30;15.596;10.964;8
04.10.2021;16:45;15.569;11.253;6
04.10.2021;17:00;15.593;11.576;170
04.10.2021;17:15;15.635;11.839;56
04.10.2021;17:30;15.644;12.108;73
04.10.2021;17:45;15.640;12.290;55
04.10.2021;18:00;15.612;12.491;90
04.10.2021;18:15;15.690;12.641;35
04.10.2021;18:30;15.809;12.738;34
04.10.2021;18:45;15.858;12.723;5
04.10.2021;19:00;16.154;12.975;2
04.10.2021;19:15;16.209;12.975;1
04.10.2021;19:30;16.276;12.935;1
04.10.2021;19:45;16.126;12.683;1
04.10.2021;20:00;15.767;12.257;1
04.10.2021;20:15;15.542;11.956;8
04.10.2021;20:30;15.322;11.675;54
04.10.2021;20:45;15.068;11.395;73
04.10.2021;21:00;14.856;11.147;71
04.10.2021;21:15;14.690;10.965;58
04.10.2021;21:30;14.392;10.656;87
04.10.2021;21:45;14.195;10.436;132
04.10.2021;22:00;13.956;10.315;69
04.10.2021;22:15;13.742;10.089;79
04.10.2021;22:30;13.530;9.828;46
04.10.2021;22:45;13.281;9.588;148
04.10.2021;23:00;13.055;9.399;274
04.10.2021;23:15;12.828;9.192;329
04.10.2021;23:30;12.577;9.001;361
04.10.2021;23:45;12.467;8.976;484
05.10.2021;00:00;12.238;8.809;527
05.10.2021;00:15;12.072;8.713;477
05.10.2021;00:30;11.954;8.666;529
05.10.2021;00:45;11.839;8.604;632
05.10.2021;01:00;11.688;8.516;756
05.10.2021;01:15;11.590;8.483;832
05.10.2021;01:30;11.498;8.431;792
05.10.2021;01:45;11.432;8.402;775
05.10.2021;02:00;11.323;8.363;787
05.10.2021;02:15;11.199;8.270;833
05.10.2021;02:30;11.223;8.307;816
05.10.2021;02:45;11.262;8.352;845
05.10.2021;03:00;11.228;8.362;914
05.10.2021;03:15;11.249;8.415;880
05.10.2021;03:30;11.350;8.595;826
05.10.2021;03:45;11.385;8.703;809
05.10.2021;04:00;11.403;8.745;888
05.10.2021;04:15;11.554;8.898;877
05.10.2021;04:30;11.704;9.015;905
05.10.2021;04:45;11.844;9.135;910
05.10.2021;05:00;12.089;9.342;992
05.10.2021;05:15;12.367;9.599;956
05.10.2021;05:30;12.721;9.948;863
05.10.2021;05:45;13.090;10.347;680
05.10.2021;06:00;13.751;10.954;290
05.10.2021;06:15;14.289;11.477;150
05.10.2021;06:30;14.781;11.914;24
05.10.2021;06:45;15.192;12.318;12
05.10.2021;07:00;15.497;12.661;2
05.10.2021;07:15;15.704;12.839;2
05.10.2021;07:30;15.901;12.941;2
05.10.2021;07:45;16.031;13.026;2
05.10.2021;08:00;16.200;13.137;2
05.10.2021;08:15;16.354;13.215;2
05.10.2021;08:30;16.512;13.315;2
05.10.2021;08:45;16.559;13.250;1
05.10.2021;09:00;16.499;13.099;1
05.10.2021;09:15;16.533;13.029;1
05.10.2021;09:30;16.574;12.974;2
05.10.2021;09:45;16.673;12.983;2
05.10.2021;10:00;16.603;12.762;2
05.10.2021;10:15;16.738;12.778;2
05.10.2021;10:30;16.734;12.626;2
05.10.2021;10:45;16.759;12.490;3
05.10.2021;11:00;16.814;12.336;3
05.10.2021;11:15;16.859;12.195;2
05.10.2021;11:30;16.926;12.024;3
05.10.2021;11:45;16.986;11.803;90
05.10.2021;12:00;16.946;11.546;27
05.10.2021;12:15;16.958;11.423;79
05.10.2021;12:30;16.977;11.279;132
05.10.2021;12:45;16.947;11.110;151
05.10.2021;13:00;16.953;11.080;57
05.10.2021;13:15;16.830;10.929;53
05.10.2021;13:30;16.705;10.765;53
05.10.2021;13:45;16.642;10.656;67
05.10.2021;14:00;16.575;10.563;88
05.10.2021;14:15;16.598;10.550;93
05.10.2021;14:30;16.475;10.430;123
05.10.2021;14:45;16.560;10.578;120
05.10.2021;15:00;16.619;10.725;167
05.10.2021;15:15;16.502;10.651;162
05.10.2021;15:30;16.340;10.565;210
05.10.2021;15:45;16.212;10.529;209
05.10.2021;16:00;16.213;10.594;182
05.10.2021;16:15;16.097;10.562;172
05.10.2021;16:30;16.025;10.608;140
05.10.2021;16:45;15.968;10.646;118
05.10.2021;17:00;16.010;10.769;216
05.10.2021;17:15;16.056;10.943;140
05.10.2021;17:30;16.051;11.051;147
05.10.2021;17:45;16.204;11.353;77
05.10.2021;18:00;16.211;11.472;116
05.10.2021;18:15;16.269;11.519;37
05.10.2021;18:30;16.339;11.477;28
05.10.2021;18:45;16.388;11.390;44
05.10.2021;19:00;16.615;11.489;7
05.10.2021;19:15;16.589;11.313;2
05.10.2021;19:30;16.636;11.203;2
05.10.2021;19:45;16.430;10.946;9
05.10.2021;20:00;16.193;10.556;58
05.10.2021;20:15;16.025;10.277;62
05.10.2021;20:30;15.741;10.020;70
05.10.2021;20:45;15.476;9.842;120
05.10.2021;21:00;15.154;9.535;81
05.10.2021;21:15;14.982;9.351;69
05.10.2021;21:30;14.745;9.276;88
05.10.2021;21:45;14.476;9.103;231
05.10.2021;22:00;14.114;8.843;248
05.10.2021;22:15;13.898;8.539;271
05.10.2021;22:30;13.565;8.084;358
05.10.2021;22:45;13.337;7.724;510
05.10.2021;23:00;13.119;7.463;629
05.10.2021;23:15;12.886;7.190;754
05.10.2021;23:30;12.655;6.935;788
05.10.2021;23:45;12.561;6.904;741
06.10.2021;00:00;12.373;6.744;954
06.10.2021;00:15;12.110;6.471;1.013
06.10.2021;00:30;12.046;6.435;958
06.10.2021;00:45;11.909;6.350;1.004
06.10.2021;01:00;11.595;6.098;1.026
06.10.2021;01:15;11.577;6.029;1.048
06.10.2021;01:30;11.502;6.054;1.046
06.10.2021;01:45;11.421;5.982;1.025
06.10.2021;02:00;11.357;5.962;1.007
06.10.2021;02:15;11.385;5.903;990
06.10.2021;02:30;11.442;5.955;996
06.10.2021;02:45;11.437;5.932;985
06.10.2021;03:00;11.415;5.834;1.053
06.10.2021;03:15;11.458;5.850;1.073
06.10.2021;03:30;11.420;5.850;1.082
06.10.2021;03:45;11.463;5.904;1.085
06.10.2021;04:00;11.668;6.126;1.084
06.10.2021;04:15;11.782;6.202;1.080
06.10.2021;04:30;11.906;6.273;1.098
06.10.2021;04:45;12.036;6.323;1.092
06.10.2021;05:00;12.412;6.603;1.057
06.10.2021;05:15;12.687;6.922;1.048
06.10.2021;05:30;12.943;7.125;955
06.10.2021;05:45;13.236;7.403;882
06.10.2021;06:00;13.943;8.033;860
06.10.2021;06:15;14.530;8.649;512
06.10.2021;06:30;15.025;9.264;276
06.10.2021;06:45;15.443;9.787;281
06.10.2021;07:00;15.660;10.121;215
06.10.2021;07:15;15.871;10.343;57
06.10.2021;07:30;15.998;10.486;14
06.10.2021;07:45;16.140;10.673;4
06.10.2021;08:00;16.252;10.782;3
06.10.2021;08:15;16.435;10.894;3
06.10.2021;08:30;16.561;10.900;3
06.10.2021;08:45;16.676;10.856;3
06.10.2021;09:00;16.573;10.617;47
06.10.2021;09:15;16.676;10.606;51
06.10.2021;09:30;16.653;10.353;55
06.10.2021;09:45;16.687;10.071;101
06.10.2021;10:00;16.819;9.901;121
06.10.2021;10:15;16.981;9.757;146
06.10.2021;10:30;17.112;9.601;132
06.10.2021;10:45;17.304;9.526;180
06.10.2021;11:00;17.537;9.705;284
06.10.2021;11:15;17.847;10.036;255
06.10.2021;11:30;17.900;10.128;239
06.10.2021;11:45;17.928;10.297;190
06.10.2021;12:00;17.837;10.319;173
06.10.2021;12:15;17.676;10.197;174
06.10.2021;12:30;17.426;10.092;177
06.10.2021;12:45;17.321;10.091;188
06.10.2021;13:00;17.092;9.957;268
06.10.2021;13:15;17.002;9.947;289
06.10.2021;13:30;17.037;10.126;364
06.10.2021;13:45;16.932;10.184;397
06.10.2021;14:00;16.692;10.065;370
06.10.2021;14:15;16.618;10.187;355
06.10.2021;14:30;16.601;10.363;372
06.10.2021;14:45;16.604;10.577;434
06.10.2021;15:00;16.593;10.812;488
06.10.2021;15:15;16.445;10.881;484
06.10.2021;15:30;16.253;10.925;442
06.10.2021;15:45;16.092;11.035;401
06.10.2021;16:00;16.068;11.376;240
06.10.2021;16:15;16.016;11.704;200
06.10.2021;16:30;15.850;11.895;108
06.10.2021;16:45;15.695;12.141;57
06.10.2021;17:00;15.798;12.636;53
06.10.2021;17:15;15.742;12.900;83
06.10.2021;17:30;15.760;13.225;30
06.10.2021;17:45;15.812;13.593;2
06.10.2021;18:00;15.805;13.849;2
06.10.2021;18:15;15.887;14.105;2
06.10.2021;18:30;16.080;14.386;2
06.10.2021;18:45;16.279;14.642;2
06.10.2021;19:00;16.520;14.893;2
06.10.2021;19:15;16.513;14.893;2
06.10.2021;19:30;16.487;14.863;2
06.10.2021;19:45;16.245;14.638;2
06.10.2021;20:00;16.006;14.425;2
06.10.2021;20:15;15.665;14.125;39
06.10.2021;20:30;15.419;13.889;72
06.10.2021;20:45;15.105;13.570;127
06.10.2021;21:00;14.851;13.338;16
06.10.2021;21:15;14.667;13.158;13
06.10.2021;21:30;14.504;13.010;54
06.10.2021;21:45;14.191;12.732;144
06.10.2021;22:00;14.030;12.646;18
06.10.2021;22:15;13.856;12.549;3
06.10.2021;22:30;13.619;12.373;3
06.10.2021;22:45;13.357;12.161;177
06.10.2021;23:00;12.875;11.760;256
06.10.2021;23:15;12.679;11.630;309
06.10.2021;23:30;12.525;11.540;315
06.10.2021;23:45;12.234;11.310;405
07.10.2021;00:00;12.143;11.267;364
07.10.2021;00:15;12.017;11.188;399
07.10.2021;00:30;11.912;11.126;480
07.10.2021;00:45;11.707;10.955;593
07.10.2021;01:00;11.590;10.881;572
07.10.2021;01:15;11.608;10.947;577
07.10.2021;01:30;11.507;10.881;574
07.10.2021;01:45;11.395;10.802;642
07.10.2021;02:00;11.299;10.729;695
07.10.2021;02:15;11.283;10.753;714
07.10.2021;02:30;11.289;10.796;681
07.10.2021;02:45;11.262;10.805;721
07.10.2021;03:00;11.209;10.803;606
07.10.2021;03:15;11.267;10.901;590
07.10.2021;03:30;11.286;10.944;587
07.10.2021;03:45;11.291;10.977;565
07.10.2021;04:00;11.493;11.204;642
07.10.2021;04:15;11.604;11.342;672
07.10.2021;04:30;11.757;11.525;672
07.10.2021;04:45;11.899;11.689;658
07.10.2021;05:00;12.325;12.126;532
07.10.2021;05:15;12.476;12.290;436
07.10.2021;05:30;12.812;12.637;314
07.10.2021;05:45;13.270;13.115;158
07.10.2021;06:00;14.094;13.960;139
07.10.2021;06:15;14.587;14.471;3
07.10.2021;06:30;15.063;14.963;3
07.10.2021;06:45;15.362;15.270;2
07.10.2021;07:00;15.865;15.775;2
07.10.2021;07:15;16.011;15.910;2
07.10.2021;07:30;16.085;15.960;2
07.10.2021;07:45;16.152;15.936;2
07.10.2021;08:00;16.330;15.913;2
07.10.2021;08:15;16.498;15.841;3
07.10.2021;08:30;16.556;15.648;3
07.10.2021;08:45;16.647;15.420;3
07.10.2021;09:00;16.540;15.007;3
07.10.2021;09:15;16.632;14.770;3
07.10.2021;09:30;16.693;14.485;3
07.10.2021;09:45;16.710;14.196;32
07.10.2021;10:00;16.850;14.006;14
07.10.2021;10:15;16.970;13.805;5
07.10.2021;10:30;17.009;13.537;4
07.10.2021;10:45;17.079;13.331;4
07.10.2021;11:00;17.140;13.183;4
07.10.2021;11:15;17.159;12.992;16
07.10.2021;11:30;17.309;12.932;77
07.10.2021;11:45;17.412;12.827;133
07.10.2021;12:00;17.315;12.592;20
07.10.2021;12:15;17.215;12.370;88
07.10.2021;12:30;17.177;12.279;85
07.10.2021;12:45;17.188;12.247;77
07.10.2021;13:00;17.120;12.176;42
07.10.2021;13:15;17.002;12.072;58
07.10.2021;13:30;16.828;11.952;83
07.10.2021;13:45;16.736;11.966;87
07.10.2021;14:00;16.777;12.125;177
07.10.2021;14:15;16.864;12.337;132
07.10.2021;14:30;16.640;12.298;135
07.10.2021;14:45;16.628;12.523;127
07.10.2021;15:00;16.509;12.610;171
07.10.2021;15:15;16.430;12.829;87
07.10.2021;15:30;16.261;12.888;77
07.10.2021;15:45;16.048;12.935;91
07.10.2021;16:00;15.920;13.099;283
07.10.2021;16:15;15.795;13.254;239
07.10.2021;16:30;15.793;13.536;141
07.10.2021;16:45;15.812;13.850;47
07.10.2021;17:00;15.839;14.197;202
07.10.2021;17:15;15.888;14.551;101
07.10.2021;17:30;15.934;14.896;49
07.10.2021;17:45;15.895;15.110;25
07.10.2021;18:00;15.744;15.151;56
07.10.2021;18:15;15.767;15.316;16
07.10.2021;18:30;15.870;15.465;6
07.10.2021;18:45;16.106;15.727;1
07.10.2021;19:00;16.407;16.029;1
07.10.2021;19:15;16.528;16.117;1
07.10.2021;19:30;16.418;15.972;1
07.10.2021;19:45;16.283;15.807;1
07.10.2021;20:00;16.055;15.537;1
07.10.2021;20:15;15.746;15.189;3
07.10.2021;20:30;15.376;14.770;19
07.10.2021;20:45;15.149;14.493;100
07.10.2021;21:00;14.965;14.261;13
07.10.2021;21:15;14.657;13.908;6
07.10.2021;21:30;14.392;13.590;73
07.10.2021;21:45;14.083;13.241;151
07.10.2021;22:00;13.951;13.081;45
07.10.2021;22:15;13.680;12.772;81
07.10.2021;22:30;13.378;12.426;65
07.10.2021;22:45;13.186;12.193;156
07.10.2021;23:00;12.989;11.984;59
07.10.2021;23:15;12.805;11.794;102
07.10.2021;23:30;12.635;11.608;152
07.10.2021;23:45;12.414;11.375;328
08.10.2021;00:00;12.230;11.165;246
08.10.2021;00:15;12.194;11.081;230
08.10.2021;00:30;12.073;10.961;301
08.10.2021;00:45;11.926;10.791;384
08.10.2021;01:00;11.776;10.612;468
08.10.2021;01:15;11.608;10.430;559
08.10.2021;01:30;11.535;10.337;618
08.10.2021;01:45;11.329;10.099;797
08.10.2021;02:00;11.281;10.042;738
08.10.2021;02:15;11.274;10.055;742
08.10.2021;02:30;11.301;10.093;742
08.10.2021;02:45;11.295;10.091;757
08.10.2021;03:00;11.256;10.069;782
08.10.2021;03:15;11.291;10.129;754
08.10.2021;03:30;11.347;10.201;714
08.10.2021;03:45;11.352;10.220;699
08.10.2021;04:00;11.489;10.367;762
08.10.2021;04:15;11.610;10.478;726
08.10.2021;04:30;11.722;10.612;741
08.10.2021;04:45;11.851;10.745;673
08.10.2021;05:00;12.175;11.078;478
08.10.2021;05:15;12.382;11.299;385
08.10.2021;05:30;12.736;11.649;237
08.10.2021;05:45;13.094;12.023;195
08.10.2021;06:00;13.848;12.790;213
08.10.2021;06:15;14.397;13.337;118
08.10.2021;06:30;14.791;13.749;14
08.10.2021;06:45;15.214;14.177;4
08.10.2021;07:00;15.554;14.491;42
08.10.2021;07:15;15.818;14.733;3
08.10.2021;07:30;15.933;14.807;3
08.10.2021;07:45;16.061;14.881;4
08.10.2021;08:00;16.241;14.959;1
08.10.2021;08:15;16.389;14.954;0
08.10.2021;08:30;16.564;14.908;0
08.10.2021;08:45;16.627;14.754;0
08.10.2021;09:00;16.491;14.376;1
08.10.2021;09:15;16.608;14.230;0
08.10.2021;09:30;16.611;13.949;0
08.10.2021;09:45;16.681;13.741;10
08.10.2021;10:00;16.727;13.490;23
08.10.2021;10:15;16.793;13.256;32
08.10.2021;10:30;16.853;12.994;52
08.10.2021;10:45;16.896;12.765;95
08.10.2021;11:00;17.020;12.610;24
08.10.2021;11:15;17.031;12.326;19
08.10.2021;11:30;17.009;12.018;3
08.10.2021;11:45;17.030;11.788;73
08.10.2021;12:00;16.884;11.428;32
08.10.2021;12:15;16.860;11.169;34
08.10.2021;12:30;16.753;10.913;76
08.10.2021;12:45;16.678;10.698;205
08.10.2021;13:00;16.518;10.465;113
08.10.2021;13:15;16.389;10.305;235
08.10.2021;13:30;16.198;10.120;324
08.10.2021;13:45;16.039;9.973;386
08.10.2021;14:00;15.974;9.966;326
08.10.2021;14:15;15.978;10.095;293
08.10.2021;14:30;15.909;10.185;297
08.10.2021;14:45;15.846;10.265;306
08.10.2021;15:00;15.878;10.507;311
08.10.2021;15:15;15.766;10.587;171
08.10.2021;15:30;15.698;10.786;139
08.10.2021;15:45;15.615;10.986;51
08.10.2021;16:00;15.405;11.072;220
08.10.2021;16:15;15.314;11.314;47
08.10.2021;16:30;15.271;11.630;18
08.10.2021;16:45;15.322;12.033;4
08.10.2021;17:00;15.417;12.469;199
08.10.2021;17:15;15.392;12.815;83
08.10.2021;17:30;15.298;13.041;23
08.10.2021;17:45;15.389;13.393;3
08.10.2021;18:00;15.392;13.500;31
08.10.2021;18:15;15.383;13.448;37
08.10.2021;18:30;15.507;13.463;12
08.10.2021;18:45;15.739;13.530;2
08.10.2021;19:00;15.877;13.473;1
08.10.2021;19:15;15.813;13.179;1
08.10.2021;19:30;15.809;12.963;1
08.10.2021;19:45;15.687;12.608;13
08.10.2021;20:00;15.405;12.137;4
08.10.2021;20:15;15.066;11.639;76
08.10.2021;20:30;14.868;11.301;262
08.10.2021;20:45;14.688;10.994;360
08.10.2021;21:00;14.364;10.590;168
08.10.2021;21:15;14.197;10.384;140
08.10.2021;21:30;14.055;10.238;119
08.10.2021;21:45;13.854;10.030;144
08.10.2021;22:00;13.682;9.881;11
08.10.2021;22:15;13.425;9.634;5
08.10.2021;22:30;13.241;9.451;5
08.10.2021;22:45;12.985;9.273;103
08.10.2021;23:00;12.631;8.959;209
08.10.2021;23:15;12.491;8.833;193
08.10.2021;23:30;12.326;8.707;167
08.10.2021;23:45;12.156;8.610;214
09.10.2021;00:00;11.785;8.318;42
09.10.2021;00:15;11.597;8.223;10
09.10.2021;00:30;11.433;8.152;71
09.10.2021;00:45;11.343;8.117;101
09.10.2021;01:00;11.142;7.955;115
09.10.2021;01:15;11.033;7.920;162
09.10.2021;01:30;10.921;7.878;211
09.10.2021;01:45;10.924;7.950;213
09.10.2021;02:00;10.828;7.915;151
09.10.2021;02:15;10.657;7.820;309
09.10.2021;02:30;10.559;7.816;349
09.10.2021;02:45;10.574;7.898;287
09.10.2021;03:00;10.584;7.956;324
09.10.2021;03:15;10.625;8.051;296
09.10.2021;03:30;10.597;8.083;301
09.10.2021;03:45;10.637;8.143;309
09.10.2021;04:00;10.759;8.294;395
09.10.2021;04:15;10.767;8.332;317
09.10.2021;04:30;10.828;8.416;286
09.10.2021;04:45;10.841;8.432;288
09.10.2021;05:00;10.916;8.492;368
09.10.2021;05:15;10.904;8.445;371
09.10.2021;05:30;10.981;8.491;362
09.10.2021;05:45;11.037;8.491;342
09.10.2021;06:00;11.248;8.663;264
09.10.2021;06:15;11.302;8.739;221
09.10.2021;06:30;11.373;8.770;139
09.10.2021;06:45;11.544;8.951;91
09.10.2021;07:00;11.677;9.082;68
09.10.2021;07:15;11.791;9.111;9
09.10.2021;07:30;12.109;9.346;3
09.10.2021;07:45;12.289;9.332;3
09.10.2021;08:00;12.604;9.370;3
09.10.2021;08:15;12.927;9.437;3
09.10.2021;08:30;13.081;9.218;3
09.10.2021;08:45;13.316;9.153;5
09.10.2021;09:00;13.449;9.027;4
09.10.2021;09:15;13.467;8.757;4
09.10.2021;09:30;13.658;8.644;10
09.10.2021;09:45;13.692;8.392;134
09.10.2021;10:00;13.799;8.139;52
09.10.2021;10:15;13.852;7.861;52
09.10.2021;10:30;13.740;7.343;335
09.10.2021;10:45;13.732;6.899;528
09.10.2021;11:00;13.739;6.484;522
09.10.2021;11:15;13.837;6.150;748
09.10.2021;11:30;13.818;5.737;944
09.10.2021;11:45;13.904;5.610;993
09.10.2021;12:00;13.680;4.956;874
09.10.2021;12:15;13.570;4.604;1.026
09.10.2021;12:30;13.710;4.655;1.022
09.10.2021;12:45;13.623;4.508;1.078
09.10.2021;13:00;13.348;4.214;1.018
09.10.2021;13:15;13.230;4.159;1.012
09.10.2021;13:30;13.061;4.096;1.045
09.10.2021;13:45;12.972;4.168;1.096
09.10.2021;14:00;12.801;4.198;1.067
09.10.2021;14:15;12.737;4.401;1.072
09.10.2021;14:30;12.588;4.491;964
09.10.2021;14:45;12.516;4.722;881
09.10.2021;15:00;12.505;5.034;1.040
09.10.2021;15:15;12.389;5.283;957
09.10.2021;15:30;12.367;5.667;889
09.10.2021;15:45;12.326;6.083;764
09.10.2021;16:00;12.376;6.590;708
09.10.2021;16:15;12.312;7.018;584
09.10.2021;16:30;12.308;7.529;448
09.10.2021;16:45;12.480;8.247;315
09.10.2021;17:00;12.798;9.062;264
09.10.2021;17:15;12.836;9.615;124
09.10.2021;17:30;12.972;10.203;9
09.10.2021;17:45;13.023;10.618;2
09.10.2021;18:00;13.182;10.957;34
09.10.2021;18:15;13.188;10.920;40
09.10.2021;18:30;13.371;10.920;30
09.10.2021;18:45;13.480;10.784;25
09.10.2021;19:00;13.782;10.770;13
09.10.2021;19:15;13.845;10.518;21
09.10.2021;19:30;13.783;10.174;73
09.10.2021;19:45;13.525;9.670;175
09.10.2021;20:00;13.526;9.452;175
09.10.2021;20:15;13.375;9.154;248
09.10.2021;20:30;13.128;8.820;278
09.10.2021;20:45;12.861;8.492;369
09.10.2021;21:00;12.744;8.275;234
09.10.2021;21:15;12.562;8.054;282
09.10.2021;21:30;12.468;7.967;374
09.10.2021;21:45;12.396;7.922;394
09.10.2021;22:00;12.327;7.934;300
09.10.2021;22:15;12.171;7.761;297
09.10.2021;22:30;12.034;7.655;308
09.10.2021;22:45;11.875;7.524;359
09.10.2021;23:00;11.698;7.399;307
09.10.2021;23:15;11.549;7.363;380
09.10.2021;23:30;11.340;7.277;377
09.10.2021;23:45;11.179;7.221;430
10.10.2021;00:00;10.985;7.098;169
10.10.2021;00:15;10.871;7.104;160
10.10.2021;00:30;10.730;7.096;270
10.10.2021;00:45;10.588;7.129;317
10.10.2021;01:00;10.470;7.210;290
10.10.2021;01:15;10.414;7.326;284
10.10.2021;01:30;10.277;7.312;318
10.10.2021;01:45;10.214;7.360;325
10.10.2021;02:00;10.166;7.410;420
10.10.2021;02:15;10.121;7.501;387
10.10.2021;02:30;10.076;7.581;401
10.10.2021;02:45;10.090;7.698;442
10.10.2021;03:00;10.107;7.846;453
10.10.2021;03:15;10.078;7.928;459
10.10.2021;03:30;10.045;8.000;442
10.10.2021;03:45;10.040;8.097;445
10.10.2021;04:00;10.135;8.279;437
10.10.2021;04:15;10.161;8.384;390
10.10.2021;04:30;10.223;8.521;370
10.10.2021;04:45;10.190;8.551;391
10.10.2021;05:00;10.223;8.621;323
10.10.2021;05:15;10.224;8.656;336
10.10.2021;05:30;10.286;8.754;242
10.10.2021;05:45;10.245;8.753;256
10.10.2021;06:00;10.263;8.821;251
10.10.2021;06:15;10.248;8.862;241
10.10.2021;06:30;10.309;8.968;212
10.10.2021;06:45;10.405;9.103;195
10.10.2021;07:00;10.545;9.274;219
10.10.2021;07:15;10.606;9.373;199
10.10.2021;07:30;10.674;9.421;173
10.10.2021;07:45;10.897;9.496;134
10.10.2021;08:00;11.242;9.559;22
10.10.2021;08:15;11.525;9.491;14
10.10.2021;08:30;11.827;9.383;13
10.10.2021;08:45;11.937;9.055;69
10.10.2021;09:00;12.222;8.922;90
10.10.2021;09:15;12.360;8.632;93
10.10.2021;09:30;12.629;8.498;127
10.10.2021;09:45;12.852;8.366;223
10.10.2021;10:00;13.035;8.204;212
10.10.2021;10:15;13.147;7.992;257
10.10.2021;10:30;13.148;7.651;345
10.10.2021;10:45;13.144;7.328;425
10.10.2021;11:00;13.196;7.077;509
10.10.2021;11:15;13.347;6.978;557
10.10.2021;11:30;13.434;6.826;651
10.10.2021;11:45;13.306;6.491;832
10.10.2021;12:00;13.127;6.117;843
10.10.2021;12:15;13.109;5.948;930
10.10.2021;12:30;12.956;5.676;1.020
10.10.2021;12:45;12.771;5.417;1.143
10.10.2021;13:00;12.666;5.254;954
10.10.2021;13:15;12.479;5.067;1.054
10.10.2021;13:30;12.363;4.993;1.062
10.10.2021;13:45;12.236;4.957;1.099
10.10.2021;14:00;12.276;5.142;1.097
10.10.2021;14:15;12.310;5.407;1.047
10.10.2021;14:30;12.172;5.500;1.000
10.10.2021;14:45;12.122;5.740;978
10.10.2021;15:00;12.084;6.022;1.077
10.10.2021;15:15;11.978;6.273;1.007
10.10.2021;15:30;11.926;6.623;877
10.10.2021;15:45;11.870;6.999;749
10.10.2021;16:00;11.931;7.480;624
10.10.2021;16:15;11.939;7.975;530
10.10.2021;16:30;12.013;8.563;232
10.10.2021;16:45;12.007;9.092;23
10.10.2021;17:00;12.338;9.932;213
10.10.2021;17:15;12.514;10.609;59
10.10.2021;17:30;12.696;11.212;6
10.10.2021;17:45;12.797;11.616;1
10.10.2021;18:00;12.810;11.807;33
10.10.2021;18:15;12.935;12.024;6
10.10.2021;18:30;13.082;12.082;1
10.10.2021;18:45;13.304;12.170;51
10.10.2021;19:00;13.603;12.382;49
10.10.2021;19:15;13.684;12.349;1
10.10.2021;19:30;13.675;12.159;1
10.10.2021;19:45;13.526;11.862;74
10.10.2021;20:00;13.399;11.559;6
10.10.2021;20:15;13.216;11.293;2
10.10.2021;20:30;13.025;11.012;2
10.10.2021;20:45;12.824;10.690;21
10.10.2021;21:00;12.788;10.506;28
10.10.2021;21:15;12.654;10.258;121
10.10.2021;21:30;12.627;10.160;177
10.10.2021;21:45;12.566;10.128;283
10.10.2021;22:00;12.650;10.240;30
10.10.2021;22:15;12.569;10.205;5
10.10.2021;22:30;12.421;10.077;4
10.10.2021;22:45;12.262;9.901;17
10.10.2021;23:00;12.011;9.610;15
10.10.2021;23:15;11.782;9.301;76
10.10.2021;23:30;11.628;9.036;200
10.10.2021;23:45;11.565;8.950;308
11.10.2021;00:00;11.195;8.588;366
11.10.2021;00:15;11.005;8.387;475
11.10.2021;00:30;10.831;8.187;581
11.10.2021;00:45;10.811;8.140;604
11.10.2021;01:00;10.662;7.912;477
11.10.2021;01:15;10.533;7.665;546
11.10.2021;01:30;10.495;7.530;645
11.10.2021;01:45;10.513;7.494;667
11.10.2021;02:00;10.529;7.539;671
11.10.2021;02:15;10.576;7.567;682
11.10.2021;02:30;10.541;7.533;700
11.10.2021;02:45;10.611;7.613;660
11.10.2021;03:00;10.648;7.602;646
11.10.2021;03:15;10.691;7.682;653
11.10.2021;03:30;10.803;7.774;637
11.10.2021;03:45;10.933;7.840;682
11.10.2021;04:00;11.023;7.884;647
11.10.2021;04:15;11.124;8.000;631
11.10.2021;04:30;11.272;8.233;645
11.10.2021;04:45;11.331;8.283;583
11.10.2021;05:00;11.732;8.701;453
11.10.2021;05:15;11.943;8.912;402
11.10.2021;05:30;12.345;9.378;294
11.10.2021;05:45;12.687;9.753;206
11.10.2021;06:00;13.492;10.466;77
11.10.2021;06:15;13.895;10.947;7
11.10.2021;06:30;14.379;11.476;3
11.10.2021;06:45;14.802;11.789;2
11.10.2021;07:00;15.344;12.251;3
11.10.2021;07:15;15.623;12.455;3
11.10.2021;07:30;15.945;12.854;9
11.10.2021;07:45;16.017;12.818;9
11.10.2021;08:00;16.227;12.842;9
11.10.2021;08:15;16.389;12.779;9
11.10.2021;08:30;16.595;12.686;8
11.10.2021;08:45;16.642;12.576;5
11.10.2021;09:00;16.614;12.247;4
11.10.2021;09:15;16.703;12.021;1
11.10.2021;09:30;16.842;11.946;1
11.10.2021;09:45;16.950;11.873;1
11.10.2021;10:00;17.056;11.689;2
11.10.2021;10:15;17.192;11.624;2
11.10.2021;10:30;17.206;11.310;3
11.10.2021;10:45;17.138;10.927;3
11.10.2021;11:00;17.189;10.643;4
11.10.2021;11:15;17.309;10.413;5
11.10.2021;11:30;17.486;10.387;18
11.10.2021;11:45;17.510;10.086;125
11.10.2021;12:00;17.477;9.749;101
11.10.2021;12:15;17.426;9.525;164
11.10.2021;12:30;17.471;9.426;216
11.10.2021;12:45;17.580;9.411;316
11.10.2021;13:00;17.636;9.369;216
11.10.2021;13:15;17.525;9.165;297
11.10.2021;13:30;17.267;8.843;376
11.10.2021;13:45;17.114;8.838;391
11.10.2021;14:00;17.212;8.984;367
11.10.2021;14:15;17.099;9.019;348
11.10.2021;14:30;16.906;9.004;304
11.10.2021;14:45;16.609;8.831;323
11.10.2021;15:00;16.482;8.851;292
11.10.2021;15:15;16.572;9.213;200
11.10.2021;15:30;16.437;9.337;181
11.10.2021;15:45;16.374;9.542;170
11.10.2021;16:00;16.400;9.879;79
11.10.2021;16:15;16.244;10.031;47
11.10.2021;16:30;16.245;10.373;20
11.10.2021;16:45;16.129;10.565;24
11.10.2021;17:00;16.081;10.805;7
11.10.2021;17:15;16.022;11.029;2
11.10.2021;17:30;16.076;11.302;2
11.10.2021;17:45;16.214;11.664;2
11.10.2021;18:00;16.391;11.961;123
11.10.2021;18:15;16.401;11.935;107
11.10.2021;18:30;16.487;12.056;77
11.10.2021;18:45;16.681;12.267;17
11.10.2021;19:00;16.651;12.189;1
11.10.2021;19:15;16.608;12.010;1
11.10.2021;19:30;16.478;11.779;1
11.10.2021;19:45;16.436;11.608;19
11.10.2021;20:00;16.175;11.346;2
11.10.2021;20:15;15.902;10.996;28
11.10.2021;20:30;15.611;10.710;200
11.10.2021;20:45;15.434;10.461;240
11.10.2021;21:00;15.148;10.110;50
11.10.2021;21:15;15.025;9.995;63
11.10.2021;21:30;14.773;9.725;146
11.10.2021;21:45;14.555;9.549;242
11.10.2021;22:00;14.286;9.333;109
11.10.2021;22:15;14.074;9.161;107
11.10.2021;22:30;13.900;9.013;41
11.10.2021;22:45;13.577;8.673;98
11.10.2021;23:00;13.203;8.311;63
11.10.2021;23:15;12.989;8.197;60
11.10.2021;23:30;12.819;7.991;122
11.10.2021;23:45;12.623;7.736;321
12.10.2021;00:00;12.392;7.548;585
12.10.2021;00:15;12.248;7.369;676
12.10.2021;00:30;12.173;7.270;675
12.10.2021;00:45;12.111;7.267;640
12.10.2021;01:00;11.948;7.195;615
12.10.2021;01:15;11.950;7.230;607
12.10.2021;01:30;11.784;7.112;592
12.10.2021;01:45;11.724;7.065;609
12.10.2021;02:00;11.668;7.039;719
12.10.2021;02:15;11.647;7.002;778
12.10.2021;02:30;11.677;7.068;746
12.10.2021;02:45;11.665;7.047;756
12.10.2021;03:00;11.658;7.046;736
12.10.2021;03:15;11.711;7.064;730
12.10.2021;03:30;11.769;7.104;735
12.10.2021;03:45;11.845;7.191;711
12.10.2021;04:00;11.938;7.305;664
12.10.2021;04:15;11.935;7.245;724
12.10.2021;04:30;12.059;7.341;668
12.10.2021;04:45;12.274;7.536;690
12.10.2021;05:00;12.501;7.787;710
12.10.2021;05:15;12.739;7.912;707
12.10.2021;05:30;13.058;8.273;628
12.10.2021;05:45;13.454;8.716;477
12.10.2021;06:00;14.222;9.564;400
12.10.2021;06:15;14.675;9.898;185
12.10.2021;06:30;15.074;10.348;72
12.10.2021;06:45;15.365;10.627;43
12.10.2021;07:00;15.858;11.143;135
12.10.2021;07:15;16.073;11.341;97
12.10.2021;07:30;16.402;11.659;46
12.10.2021;07:45;16.488;11.819;37
12.10.2021;08:00;16.669;12.072;3
12.10.2021;08:15;16.867;12.185;2
12.10.2021;08:30;16.931;12.272;2
12.10.2021;08:45;17.048;12.354;2
12.10.2021;09:00;17.093;12.336;2
12.10.2021;09:15;17.235;12.356;2
12.10.2021;09:30;17.355;12.464;2
12.10.2021;09:45;17.438;12.486;2
12.10.2021;10:00;17.502;12.332;2
12.10.2021;10:15;17.528;12.259;2
12.10.2021;10:30;17.650;12.254;3
12.10.2021;10:45;17.747;12.201;3
12.10.2021;11:00;17.792;12.106;3
12.10.2021;11:15;17.810;11.977;2
12.10.2021;11:30;17.844;11.813;2
12.10.2021;11:45;17.920;11.636;10
12.10.2021;12:00;17.947;11.564;75
12.10.2021;12:15;17.859;11.374;91
12.10.2021;12:30;17.843;11.364;142
12.10.2021;12:45;17.839;11.304;142
12.10.2021;13:00;17.730;11.158;164
12.10.2021;13:15;17.558;10.903;143
12.10.2021;13:30;17.345;10.616;155
12.10.2021;13:45;17.239;10.529;229
12.10.2021;14:00;17.181;10.393;176
12.10.2021;14:15;17.318;10.504;200
12.10.2021;14:30;17.198;10.556;209
12.10.2021;14:45;17.025;10.492;228
12.10.2021;15:00;16.915;10.376;230
12.10.2021;15:15;16.918;10.592;173
12.10.2021;15:30;16.716;10.547;153
12.10.2021;15:45;16.637;10.643;148
12.10.2021;16:00;16.632;10.759;169
12.10.2021;16:15;16.559;10.915;110
12.10.2021;16:30;16.461;11.129;89
12.10.2021;16:45;16.370;11.379;57
12.10.2021;17:00;16.547;11.917;81
12.10.2021;17:15;16.580;12.265;25
12.10.2021;17:30;16.682;12.664;3
12.10.2021;17:45;16.649;12.878;2
12.10.2021;18:00;16.509;12.862;1
12.10.2021;18:15;16.495;12.903;2
12.10.2021;18:30;16.726;13.107;3
12.10.2021;18:45;16.897;13.319;2
12.10.2021;19:00;17.078;13.494;1
12.10.2021;19:15;17.026;13.404;1
12.10.2021;19:30;16.907;13.332;1
12.10.2021;19:45;16.697;13.119;1
12.10.2021;20:00;16.385;12.829;2
12.10.2021;20:15;16.144;12.632;11
12.10.2021;20:30;15.802;12.263;9
12.10.2021;20:45;15.626;12.037;69
12.10.2021;21:00;15.378;11.812;11
12.10.2021;21:15;15.093;11.572;101
12.10.2021;21:30;14.762;11.253;197
12.10.2021;21:45;14.537;11.088;313
12.10.2021;22:00;14.356;10.949;123
12.10.2021;22:15;14.092;10.774;105
12.10.2021;22:30;13.803;10.554;113
12.10.2021;22:45;13.525;10.302;247
12.10.2021;23:00;13.383;10.170;130
12.10.2021;23:15;13.237;10.055;231
12.10.2021;23:30;12.959;9.783;319
12.10.2021;23:45;12.727;9.570;423
13.10.2021;00:00;12.492;9.411;334
13.10.2021;00:15;12.405;9.398;390
13.10.2021;00:30;12.312;9.352;424
13.10.2021;00:45;12.192;9.307;445
13.10.2021;01:00;12.016;9.206;460
13.10.2021;01:15;11.973;9.225;474
13.10.2021;01:30;11.879;9.189;510
13.10.2021;01:45;11.752;9.121;550
13.10.2021;02:00;11.693;9.093;541
13.10.2021;02:15;11.720;9.187;516
13.10.2021;02:30;11.738;9.235;582
13.10.2021;02:45;11.729;9.165;604
13.10.2021;03:00;11.756;9.126;639
13.10.2021;03:15;11.813;9.203;666
13.10.2021;03:30;11.817;9.263;665
13.10.2021;03:45;11.840;9.321;630
13.10.2021;04:00;12.023;9.516;686
13.10.2021;04:15;12.095;9.529;686
13.10.2021;04:30;12.213;9.697;660
13.10.2021;04:45;12.327;9.788;655
13.10.2021;05:00;12.600;10.052;482
13.10.2021;05:15;12.749;10.156;402
13.10.2021;05:30;13.008;10.511;353
13.10.2021;05:45;13.336;10.852;276
13.10.2021;06:00;14.112;11.613;78
13.10.2021;06:15;14.537;12.030;6
13.10.2021;06:30;14.968;12.416;3
13.10.2021;06:45;15.332;12.752;2
13.10.2021;07:00;15.826;13.158;37
13.10.2021;07:15;16.198;13.512;9
13.10.2021;07:30;16.379;13.725;6
13.10.2021;07:45;16.494;13.852;1
13.10.2021;08:00;16.617;13.880;1
13.10.2021;08:15;16.736;13.899;1
13.10.2021;08:30;16.821;13.896;1
13.10.2021;08:45;16.850;13.762;1
13.10.2021;09:00;16.763;13.517;1
13.10.2021;09:15;16.837;13.412;2
13.10.2021;09:30;16.908;13.318;1
13.10.2021;09:45;16.988;13.245;2
13.10.2021;10:00;17.081;13.149;2
13.10.2021;10:15;17.182;12.996;2
13.10.2021;10:30;17.252;12.839;2
13.10.2021;10:45;17.264;12.646;2
13.10.2021;11:00;17.450;12.591;2
13.10.2021;11:15;13.305;8.225;3
13.10.2021;11:30;17.421;12.098;14
13.10.2021;11:45;17.515;11.961;55
13.10.2021;12:00;17.476;11.702;74
13.10.2021;12:15;17.487;11.650;122
13.10.2021;12:30;17.478;11.515;204
13.10.2021;12:45;17.428;11.356;254
13.10.2021;13:00;17.423;11.282;174
13.10.2021;13:15;17.448;11.323;148
13.10.2021;13:30;17.281;11.209;187
13.10.2021;13:45;17.100;11.145;235
13.10.2021;14:00;16.987;11.108;166
13.10.2021;14:15;16.888;11.177;114
13.10.2021;14:30;16.896;11.249;110
13.10.2021;14:45;16.846;11.344;119
13.10.2021;15:00;16.821;11.521;149
13.10.2021;15:15;16.727;11.567;148
13.10.2021;15:30;16.623;11.629;152
13.10.2021;15:45;16.451;11.795;119
13.10.2021;16:00;16.451;12.061;255
13.10.2021;16:15;16.405;12.307;160
13.10.2021;16:30;16.345;12.548;124
13.10.2021;16:45;16.277;12.910;53
13.10.2021;17:00;16.196;13.165;38
13.10.2021;17:15;16.170;13.407;2
13.10.2021;17:30;16.153;13.688;2
13.10.2021;17:45;16.159;13.885;1
13.10.2021;18:00;16.257;14.001;26
13.10.2021;18:15;16.352;14.107;2
13.10.2021;18:30;16.569;14.240;2
13.10.2021;18:45;16.788;14.342;2
13.10.2021;19:00;17.005;14.399;2
13.10.2021;19:15;16.930;14.227;2
13.10.2021;19:30;16.815;13.969;39
13.10.2021;19:45;16.680;13.732;63
13.10.2021;20:00;16.485;13.452;63
13.10.2021;20:15;16.213;13.119;80
13.10.2021;20:30;15.920;12.841;136
13.10.2021;20:45;15.698;12.501;170
13.10.2021;21:00;15.438;12.148;85
13.10.2021;21:15;15.332;11.974;82
13.10.2021;21:30;15.130;11.684;126
13.10.2021;21:45;14.866;11.407;222
13.10.2021;22:00;14.611;11.143;226
13.10.2021;22:15;14.469;10.899;170
13.10.2021;22:30;14.263;10.661;216
13.10.2021;22:45;13.980;10.408;246
13.10.2021;23:00;13.582;10.036;307
13.10.2021;23:15;13.352;9.844;332
13.10.2021;23:30;13.076;9.645;383
13.10.2021;23:45;12.934;9.554;394
14.10.2021;00:00;12.771;9.467;164
14.10.2021;00:15;12.633;9.392;129
14.10.2021;00:30;12.459;9.273;253
14.10.2021;00:45;12.309;9.146;326
14.10.2021;01:00;12.092;8.929;301
14.10.2021;01:15;12.031;8.834;330
14.10.2021;01:30;11.930;8.709;396
14.10.2021;01:45;11.875;8.647;404
14.10.2021;02:00;11.888;8.642;356
14.10.2021;02:15;11.811;8.541;367
14.10.2021;02:30;11.789;8.338;393
14.10.2021;02:45;11.950;8.333;451
14.10.2021;03:00;11.941;8.288;519
14.10.2021;03:15;11.911;8.233;531
14.10.2021;03:30;11.943;8.324;479
14.10.2021;03:45;11.977;8.424;464
14.10.2021;04:00;12.143;8.573;442
14.10.2021;04:15;12.217;8.629;423
14.10.2021;04:30;12.312;8.765;426
14.10.2021;04:45;12.420;8.860;419
14.10.2021;05:00;12.725;9.024;386
14.10.2021;05:15;12.881;9.164;391
14.10.2021;05:30;13.150;9.498;293
14.10.2021;05:45;13.512;9.842;177
14.10.2021;06:00;14.181;10.545;193
14.10.2021;06:15;14.624;10.962;51
14.10.2021;06:30;15.039;11.208;6
14.10.2021;06:45;15.464;11.543;3
14.10.2021;07:00;15.970;12.042;41
14.10.2021;07:15;16.154;12.241;11
14.10.2021;07:30;16.429;12.454;2
14.10.2021;07:45;16.481;12.592;2
14.10.2021;08:00;16.568;12.721;3
14.10.2021;08:15;16.814;12.823;3
14.10.2021;08:30;16.957;12.848;3
14.10.2021;08:45;17.008;12.701;3
14.10.2021;09:00;16.979;12.600;2
14.10.2021;09:15;17.113;12.631;2
14.10.2021;09:30;17.232;12.547;12
14.10.2021;09:45;17.322;12.459;19
14.10.2021;10:00;17.449;12.343;17
14.10.2021;10:15;17.668;12.308;17
14.10.2021;10:30;17.681;12.128;40
14.10.2021;10:45;17.770;12.000;80
14.10.2021;11:00;17.802;11.782;38
14.10.2021;11:15;17.961;11.779;14
14.10.2021;11:30;17.964;11.536;18
14.10.2021;11:45;18.007;11.443;47
14.10.2021;12:00;17.837;11.135;61
14.10.2021;12:15;17.711;10.904;107
14.10.2021;12:30;17.793;10.823;90
14.10.2021;12:45;17.744;10.629;180
14.10.2021;13:00;17.693;10.508;46
14.10.2021;13:15;17.575;10.433;33
14.10.2021;13:30;17.437;10.305;87
14.10.2021;13:45;17.320;10.189;160
14.10.2021;14:00;17.177;10.069;91
14.10.2021;14:15;17.157;10.115;86
14.10.2021;14:30;17.096;10.041;81
14.10.2021;14:45;16.992;9.923;134
14.10.2021;15:00;16.913;9.885;123
14.10.2021;15:15;16.967;9.914;91
14.10.2021;15:30;16.901;9.995;81
14.10.2021;15:45;16.849;10.031;78
14.10.2021;16:00;16.790;10.114;167
14.10.2021;16:15;16.759;10.246;99
14.10.2021;16:30;16.682;10.391;129
14.10.2021;16:45;16.765;10.719;81
14.10.2021;17:00;16.783;10.913;112
14.10.2021;17:15;16.735;11.039;102
14.10.2021;17:30;16.699;11.166;73
14.10.2021;17:45;16.689;11.316;70
14.10.2021;18:00;16.677;11.335;1
14.10.2021;18:15;16.698;11.328;1
14.10.2021;18:30;16.844;11.407;1
14.10.2021;18:45;17.046;11.561;0
14.10.2021;19:00;17.221;11.584;2
14.10.2021;19:15;17.114;11.412;2
14.10.2021;19:30;16.959;11.191;3
14.10.2021;19:45;16.837;11.001;3
14.10.2021;20:00;16.503;10.625;3
14.10.2021;20:15;16.186;10.246;3
14.10.2021;20:30;15.995;9.953;22
14.10.2021;20:45;15.837;9.764;148
14.10.2021;21:00;15.487;9.319;90
14.10.2021;21:15;15.239;9.005;85
14.10.2021;21:30;14.997;8.712;176
14.10.2021;21:45;14.754;8.458;248
14.10.2021;22:00;14.527;8.325;142
14.10.2021;22:15;14.367;8.125;128
14.10.2021;22:30;14.092;7.833;177
14.10.2021;22:45;13.913;7.602;314
14.10.2021;23:00;13.608;7.255;375
14.10.2021;23:15;13.335;6.939;366
14.10.2021;23:30;13.132;6.649;410
14.10.2021;23:45;12.943;6.433;440
